
/*******************************************************************************
* image
* filename: unsaved
* name: fiddle_leaf_fig
*
* preset name: Color R5G6B5
* data block size: 16 bit(s), uint16_t
* RLE compression enabled: no
* conversion type: Color, not_used not_used
* bits per pixel: 16
*
* preprocess:
*  main scan direction: top_to_bottom
*  line scan direction: forward
*  inverse: no
*******************************************************************************/

/*
 typedef struct {
     const uint16_t *data;
     uint16_t width;
     uint16_t height;
     } tImage;
*/


const u16 PIC[16256] = {128, 127,
    0xf77a, 0xf77a, 0xf77a, 0xf77a, 0xf77a, 0xf77a, 0xf77a, 0xf77a, 0xf77a, 0xf77a, 0xf77a, 0xf77a, 
    0xf77a, 0xf77a, 0xf77a, 0xf77a, 0xf77a, 0xf77a, 0xf77a, 0xf77a, 0xf77a, 0xf77a, 0xf77a, 0xf77a, 
    0xf77a, 0xf77a, 0xf77a, 0xf77a, 0xf77a, 0xf77a, 0xf77a, 0xf77a, 0xf77a, 0xf77a, 0xf77a, 0xf77a, 
    0xf77a, 0xf77a, 0xf77a, 0xf77a, 0xf77a, 0xf77a, 0xf77a, 0xf77a, 0xf77a, 0xf77a, 0xf77a, 0xf77a, 
    0xf77a, 0xf77a, 0xf77a, 0xf77a, 0xf77a, 0xf77a, 0xf77a, 0xf77a, 0xf77a, 0xf77a, 0xf77a, 0xf77a, 
    0xf77a, 0xf77a, 0xf77a, 0xf77a, 0xf77a, 0xf77a, 0xf77a, 0xf77a, 0xf77a, 0xf77a, 0xf77a, 0xf77a, 
    0xf77a, 0xf77a, 0xf77a, 0xf77a, 0xf77a, 0xf77a, 0xf77a, 0xf77a, 0xf77a, 0xf77a, 0xf77a, 0xf77a, 
    0xf77a, 0xf77a, 0xf77a, 0xf77a, 0xf77a, 0xf77a, 0xf77a, 0xf77a, 0xf77a, 0xf77a, 0xf77a, 0xf77a, 
    0xf77a, 0xf77a, 0xf77a, 0xf77a, 0xf77a, 0xf77a, 0xf77a, 0xf77a, 0xf77a, 0xf77a, 0xf77a, 0xf77a, 
    0xf77a, 0xf77a, 0xf77a, 0xf77a, 0xf77a, 0xf77a, 0xf77a, 0xf77a, 0xf77a, 0xf77a, 0xf77a, 0xf77a, 
    0xf77a, 0xf77a, 0xf77a, 0xf77a, 0xf77a, 0xf77a, 0xf77a, 0xf77a, 
    0xf77a, 0xf77a, 0xf77a, 0xf77a, 0xf77a, 0xf77a, 0xf77a, 0xf77a, 0xf77a, 0xf77a, 0xf77a, 0xf77a, 
    0xf77a, 0xf77a, 0xf77a, 0xf77a, 0xf77a, 0xf77a, 0xf77a, 0xf77a, 0xf77a, 0xf77a, 0xf77a, 0xf77a, 
    0xf77a, 0xf77a, 0xf77a, 0xf77a, 0xf77a, 0xf77a, 0xf77a, 0xf77a, 0xf77a, 0xf77a, 0xf77a, 0xf77a, 
    0xf77a, 0xf77a, 0xf77a, 0xf77a, 0xf77a, 0xf77a, 0xf77a, 0xf77a, 0xf77a, 0xf77a, 0xf77a, 0xf77a, 
    0xf77a, 0xf77a, 0xf77a, 0xf77a, 0xf77a, 0xf77a, 0xf77a, 0xf77a, 0xf77a, 0xf77a, 0xf77a, 0xf77a, 
    0xf77a, 0xf77a, 0xf77a, 0xf77a, 0xf77a, 0xf77a, 0xf77a, 0xf77a, 0xf77a, 0xf77a, 0xf77a, 0xf77a, 
    0xf77a, 0xf77a, 0xf77a, 0xf77a, 0xf77a, 0xf77a, 0xf77a, 0xf77a, 0xf77a, 0xf77a, 0xf77a, 0xf77a, 
    0xf77a, 0xf77a, 0xf77a, 0xf77a, 0xf77a, 0xf77a, 0xf77a, 0xf77a, 0xf77a, 0xf77a, 0xf77a, 0xf77a, 
    0xf77a, 0xf77a, 0xf77a, 0xf77a, 0xf77a, 0xf77a, 0xf77a, 0xf77a, 0xf77a, 0xf77a, 0xf77a, 0xf77a, 
    0xf77a, 0xf77a, 0xf77a, 0xf77a, 0xf77a, 0xf77a, 0xf77a, 0xf77a, 0xf77a, 0xf77a, 0xf77a, 0xf77a, 
    0xf77a, 0xf77a, 0xf77a, 0xf77a, 0xf77a, 0xf77a, 0xf77a, 0xf77a, 
    0xf77a, 0xf77a, 0xf77a, 0xf77a, 0xf77a, 0xf77a, 0xf77a, 0xf77a, 0xf77a, 0xf77a, 0xf77a, 0xf77a, 
    0xf77a, 0xf77a, 0xf77a, 0xf77a, 0xf77a, 0xf77a, 0xf77a, 0xf77a, 0xf77a, 0xf77a, 0xf77a, 0xf77a, 
    0xf77a, 0xf77a, 0xf77a, 0xf77a, 0xf77a, 0xf77a, 0xf77a, 0xf77a, 0xf77a, 0xf77a, 0xf77a, 0xf77a, 
    0xf77a, 0xf77a, 0xf77a, 0xf77a, 0xf77a, 0xf77a, 0xf77a, 0xf77a, 0xf77a, 0xf77a, 0xf77a, 0xf77a, 
    0xf77a, 0xf77a, 0xf77a, 0xf77a, 0xf77a, 0xf77a, 0xf77a, 0xf77a, 0xf77a, 0xf77a, 0xf77a, 0xf77a, 
    0xf77a, 0xf77a, 0xf77a, 0xf77a, 0xf77a, 0xf77a, 0xf77a, 0xf77a, 0xf77a, 0xf77a, 0xf77a, 0xf77a, 
    0xf77a, 0xf77a, 0xf77a, 0xf77a, 0xf77a, 0xf77a, 0xf77a, 0xf77a, 0xf77a, 0xf77a, 0xf77a, 0xf77a, 
    0xf77a, 0xf77a, 0xf77a, 0xf77a, 0xf77a, 0xf77a, 0xf77a, 0xf77a, 0xf77a, 0xf77a, 0xf77a, 0xf77a, 
    0xf77a, 0xf77a, 0xf77a, 0xf77a, 0xf77a, 0xf77a, 0xf77a, 0xf77a, 0xf77a, 0xf77a, 0xf77a, 0xf77a, 
    0xf77a, 0xf77a, 0xf77a, 0xf77a, 0xf77a, 0xf77a, 0xf77a, 0xf77a, 0xf77a, 0xf77a, 0xf77a, 0xf77a, 
    0xf77a, 0xf77a, 0xf77a, 0xf77a, 0xf77a, 0xf77a, 0xf77a, 0xf77a, 
    0xf77a, 0xf77a, 0xf77a, 0xf77a, 0xf77a, 0xf77a, 0xf77a, 0xf77a, 0xf77a, 0xf77a, 0xf77a, 0xf77a, 
    0xf77a, 0xf77a, 0xf77a, 0xf77a, 0xf77a, 0xf77a, 0xf77a, 0xf77a, 0xf77a, 0xf77a, 0xf77a, 0xf77a, 
    0xf77a, 0xf77a, 0xf77a, 0xf77a, 0xf77a, 0xf77a, 0xf77a, 0xf77a, 0xf77a, 0xf77a, 0xf77a, 0xf77a, 
    0xf77a, 0xf77a, 0xf77a, 0xf77a, 0xf77a, 0xf77a, 0xf77a, 0xf77a, 0xf77a, 0xf77a, 0xf77a, 0xf77a, 
    0xf77a, 0xf77a, 0xf77a, 0xf77a, 0xf77a, 0xf77a, 0xf77a, 0xf77a, 0xf77a, 0xf77a, 0xf77a, 0xf77a, 
    0xf77a, 0xf77a, 0xf77a, 0xf77a, 0xf77a, 0xf77a, 0xf77a, 0xf77a, 0xf77a, 0xf77a, 0xf77a, 0xf77a, 
    0xf77a, 0xf77a, 0xf77a, 0xf77a, 0xf77a, 0xf77a, 0xf77a, 0xf77a, 0xf77a, 0xf77a, 0xf77a, 0xf77a, 
    0xf77a, 0xf77a, 0xf77a, 0xf77a, 0xf77a, 0xf77a, 0xf77a, 0xf77a, 0xf77a, 0xf77a, 0xf77a, 0xf77a, 
    0xf77a, 0xf77a, 0xf77a, 0xf77a, 0xf77a, 0xf77a, 0xf77a, 0xf77a, 0xf77a, 0xf77a, 0xf77a, 0xf77a, 
    0xf77a, 0xf77a, 0xf77a, 0xf77a, 0xf77a, 0xf77a, 0xf77a, 0xf77a, 0xf77a, 0xf77a, 0xf77a, 0xf77a, 
    0xf77a, 0xf77a, 0xf77a, 0xf77a, 0xf77a, 0xf77a, 0xf77a, 0xf77a, 
    0xf77a, 0xf77a, 0xf77a, 0xf77a, 0xf77a, 0xf77a, 0xf77a, 0xf77a, 0xf77a, 0xf77a, 0xf77a, 0xf77a, 
    0xf77a, 0xf77a, 0xf77a, 0xf77a, 0xf77a, 0xf77a, 0xf77a, 0xf77a, 0xf77a, 0xf77a, 0xf77a, 0xf77a, 
    0xf77a, 0xf77a, 0xf77a, 0xf77a, 0xf77a, 0xf77a, 0xf77a, 0xf77a, 0xf77a, 0xf77a, 0xf77a, 0xf77a, 
    0xf77a, 0xf77a, 0xf77a, 0xf77a, 0xf77a, 0xf77a, 0xf77a, 0xf77a, 0xf77a, 0xf77a, 0xf77a, 0xf77a, 
    0xf77a, 0xf77a, 0xf77a, 0xf77a, 0xf77a, 0xf77a, 0xf77a, 0xf77a, 0xf77a, 0xf77a, 0xf77a, 0xf77a, 
    0xf77a, 0xf77a, 0xf77a, 0xf77a, 0xf77a, 0xf77a, 0xf77a, 0xf77a, 0xf77a, 0xf77a, 0xf77a, 0xf77a, 
    0xf77a, 0xf77a, 0xf77a, 0xf77a, 0xf77a, 0xf77a, 0xf77a, 0xf77a, 0xf77a, 0xf77a, 0xf77a, 0xf77a, 
    0xf77a, 0xf77a, 0xf77a, 0xf77a, 0xf77a, 0xf77a, 0xf77a, 0xf77a, 0xf77a, 0xf77a, 0xf77a, 0xf77a, 
    0xf77a, 0xf77a, 0xf77a, 0xf77a, 0xf77a, 0xf77a, 0xf77a, 0xf77a, 0xf77a, 0xf77a, 0xf77a, 0xf77a, 
    0xf77a, 0xf77a, 0xf77a, 0xf77a, 0xf77a, 0xf77a, 0xf77a, 0xf77a, 0xf77a, 0xf77a, 0xf77a, 0xf77a, 
    0xf77a, 0xf77a, 0xf77a, 0xf77a, 0xf77a, 0xf77a, 0xf77a, 0xf77a, 
    0xf77a, 0xf77a, 0xf77a, 0xf77a, 0xf77a, 0xf77a, 0xf77a, 0xf77a, 0xf77a, 0xf77a, 0xf77a, 0xf77a, 
    0xf77a, 0xf77a, 0xf77a, 0xf77a, 0xf77a, 0xf77a, 0xf77a, 0xf77a, 0xf77a, 0xf77a, 0xf77a, 0xf77a, 
    0xf77a, 0xf77a, 0xf77a, 0xf77a, 0xf77a, 0xf77a, 0xf77a, 0xf77a, 0xf77a, 0xf77a, 0xf77a, 0xf77a, 
    0xf77a, 0xf77a, 0xf77a, 0xf77a, 0xf77a, 0xf77a, 0xf77a, 0xf77a, 0xf77a, 0xf77a, 0xf77a, 0xf77a, 
    0xf77a, 0xf77a, 0xf77a, 0xf77a, 0xf77a, 0xf77a, 0xf77a, 0xf77a, 0xf77a, 0xf77a, 0xf77a, 0xf77a, 
    0xf77a, 0xf77a, 0xf77a, 0xf77a, 0xf77a, 0xf77a, 0xf77a, 0xf77a, 0xf77a, 0xf77a, 0xf77a, 0xf77a, 
    0xf77a, 0xf77a, 0xf77a, 0xf77a, 0xf77a, 0xf77a, 0xf77a, 0xf77a, 0xf77a, 0xf77a, 0xf77a, 0xf77a, 
    0xf77a, 0xf77a, 0xf77a, 0xf77a, 0xf77a, 0xf77a, 0xf77a, 0xf77a, 0xf77a, 0xf77a, 0xf77a, 0xf77a, 
    0xf77a, 0xf77a, 0xf77a, 0xf77a, 0xf77a, 0xf77a, 0xf77a, 0xf77a, 0xf77a, 0xf77a, 0xf77a, 0xf77a, 
    0xf77a, 0xf77a, 0xf77a, 0xf77a, 0xf77a, 0xf77a, 0xf77a, 0xf77a, 0xf77a, 0xf77a, 0xf77a, 0xf77a, 
    0xf77a, 0xf77a, 0xf77a, 0xf77a, 0xf77a, 0xf77a, 0xf77a, 0xf77a, 
    0xf77a, 0xf77a, 0xf77a, 0xf77a, 0xf77a, 0xf77a, 0xf77a, 0xf77a, 0xf77a, 0xf77a, 0xf77a, 0xf77a, 
    0xf77a, 0xf77a, 0xf77a, 0xf77a, 0xf77a, 0xf77a, 0xf77a, 0xf77a, 0xf77a, 0xf77a, 0xf77a, 0xf77a, 
    0xf77a, 0xf77a, 0xf77a, 0xf77a, 0xf77a, 0xf77a, 0xf77a, 0xf77a, 0xf77a, 0xf77a, 0xf77a, 0xf77a, 
    0xf77a, 0xf77a, 0xf77a, 0xf77a, 0xf77a, 0xf77a, 0xf77a, 0xf77a, 0xf77a, 0xf77a, 0xf77a, 0xf77a, 
    0xf77a, 0xf77a, 0xf77a, 0xf77a, 0xf77a, 0xf77a, 0xf77a, 0xf77a, 0xf77a, 0xf77a, 0xf77a, 0xf77a, 
    0xf77a, 0xf77a, 0xf77a, 0xf77a, 0xf77a, 0xf77a, 0xf77a, 0xf77a, 0xf77a, 0xf77a, 0xf77a, 0xf77a, 
    0xf77a, 0xf77a, 0xf77a, 0xf77a, 0xf77a, 0xf77a, 0xf77a, 0xf77a, 0xf77a, 0xf77a, 0xf77a, 0xf77a, 
    0xf77a, 0xf77a, 0xf77a, 0xf77a, 0xf77a, 0xf77a, 0xf77a, 0xf77a, 0xf77a, 0xf77a, 0xf77a, 0xf77a, 
    0xf77a, 0xf77a, 0xf77a, 0xf77a, 0xf77a, 0xf77a, 0xf77a, 0xf77a, 0xf77a, 0xf77a, 0xf77a, 0xf77a, 
    0xf77a, 0xf77a, 0xf77a, 0xf77a, 0xf77a, 0xf77a, 0xf77a, 0xf77a, 0xf77a, 0xf77a, 0xf77a, 0xf77a, 
    0xf77a, 0xf77a, 0xf77a, 0xf77a, 0xf77a, 0xf77a, 0xf77a, 0xf77a, 
    0xf77a, 0xf77a, 0xf77a, 0xf77a, 0xf77a, 0xf77a, 0xf77a, 0xf77a, 0xf77a, 0xf77a, 0xf77a, 0xf77a, 
    0xf77a, 0xf77a, 0xf77a, 0xf77a, 0xf77a, 0xf77a, 0xf77a, 0xf77a, 0xf77a, 0xf77a, 0xf77a, 0xf77a, 
    0xf77a, 0xf77a, 0xf77a, 0xf77a, 0xf77a, 0xf77a, 0xf77a, 0xf77a, 0xf77a, 0xf77a, 0xf77a, 0xf77a, 
    0xf77a, 0xf77a, 0xf77a, 0xf77a, 0xf77a, 0xf77a, 0xf77a, 0xf77a, 0xf77a, 0xf77a, 0xf77a, 0xf77a, 
    0xf77a, 0xf77a, 0xf77a, 0xf77a, 0xf77a, 0xf77a, 0xf77a, 0xf77a, 0xf77a, 0xf77a, 0xf77a, 0xf77a, 
    0xf77a, 0xf77a, 0xf77a, 0xf77a, 0xf77a, 0xf77a, 0xf77a, 0xf77a, 0xf77a, 0xf77a, 0xf77a, 0xf77a, 
    0xf77a, 0xf77a, 0xf77a, 0xf77a, 0xf77a, 0xf77a, 0xf77a, 0xf77a, 0xf77a, 0xf77a, 0xf77a, 0xf77a, 
    0xf77a, 0xf77a, 0xf77a, 0xf77a, 0xf77a, 0xf77a, 0xf77a, 0xf77a, 0xf77a, 0xf77a, 0xf77a, 0xf77a, 
    0xf77a, 0xf77a, 0xf77a, 0xf77a, 0xf77a, 0xf77a, 0xf77a, 0xf77a, 0xf77a, 0xf77a, 0xf77a, 0xf77a, 
    0xf77a, 0xf77a, 0xf77a, 0xf77a, 0xf77a, 0xf77a, 0xf77a, 0xf77a, 0xf77a, 0xf77a, 0xf77a, 0xf77a, 
    0xf77a, 0xf77a, 0xf77a, 0xf77a, 0xf77a, 0xf77a, 0xf77a, 0xf77a, 
    0xf77a, 0xf77a, 0xf77a, 0xf77a, 0xf77a, 0xf77a, 0xf77a, 0xf77a, 0xf77a, 0xf77a, 0xf77a, 0xf77a, 
    0xf77a, 0xf77a, 0xf77a, 0xf77a, 0xf77a, 0xf77a, 0xf77a, 0xf77a, 0xf77a, 0xf77a, 0xf77a, 0xf77a, 
    0xf77a, 0xf77a, 0xf77a, 0xf77a, 0xf77a, 0xf77a, 0xf77a, 0xf77a, 0xf77a, 0xf77a, 0xf77a, 0xf77a, 
    0xf77a, 0xf77a, 0xf77a, 0xf77a, 0xf77a, 0xf77a, 0xf77a, 0xf77a, 0xf77a, 0xf77a, 0xf77a, 0xf77a, 
    0xf77a, 0xf77a, 0xf77a, 0xf77a, 0xf77a, 0xf77a, 0xf77a, 0xf77a, 0xf77a, 0xf77a, 0xf77a, 0xf77a, 
    0xf77a, 0xf77a, 0xf77a, 0xf77a, 0xf77a, 0xf77a, 0xf77a, 0xf77a, 0xf77a, 0xf77a, 0xf77a, 0xf77a, 
    0xf77a, 0xf77a, 0xf77a, 0xf77a, 0xf77a, 0xf77a, 0xf77a, 0xf77a, 0xf77a, 0xf77a, 0xf77a, 0xf77a, 
    0xf77a, 0xf77a, 0xf77a, 0xf77a, 0xf77a, 0xf77a, 0xf77a, 0xf77a, 0xf77a, 0xf77a, 0xf77a, 0xf77a, 
    0xf77a, 0xf77a, 0xf77a, 0xf77a, 0xf77a, 0xf77a, 0xf77a, 0xf77a, 0xf77a, 0xf77a, 0xf77a, 0xf77a, 
    0xf77a, 0xf77a, 0xf77a, 0xf77a, 0xf77a, 0xf77a, 0xf77a, 0xf77a, 0xf77a, 0xf77a, 0xf77a, 0xf77a, 
    0xf77a, 0xf77a, 0xf77a, 0xf77a, 0xf77a, 0xf77a, 0xf77a, 0xf77a, 
    0xf77a, 0xf77a, 0xf77a, 0xf77a, 0xf77a, 0xf77a, 0xf77a, 0xf77a, 0xf77a, 0xf77a, 0xf77a, 0xf77a, 
    0xf77a, 0xf77a, 0xf77a, 0xf77a, 0xf77a, 0xf77a, 0xf77a, 0xf77a, 0xf77a, 0xf77a, 0xf77a, 0xf77a, 
    0xf77a, 0xf77a, 0xf77a, 0xf77a, 0xf77a, 0xf77a, 0xf77a, 0xf77a, 0xf77a, 0xf77a, 0xf77a, 0xf77a, 
    0xf77a, 0xf77a, 0xf77a, 0xf77a, 0xf77a, 0xf77a, 0xf77a, 0xf77a, 0xf77a, 0xf77a, 0xf77a, 0xf77a, 
    0xf77a, 0xf77a, 0xf77a, 0xf77a, 0xf77a, 0xf77a, 0xf77a, 0xf77a, 0xf77a, 0xf77a, 0xf77a, 0xf77a, 
    0xf77a, 0xf77a, 0xf77a, 0xf77a, 0xf77a, 0xf77a, 0xf77a, 0xf77a, 0xf77a, 0xf77a, 0xf77a, 0xf77a, 
    0xf77a, 0xf77a, 0xf77a, 0xf77a, 0xf77a, 0xf77a, 0xf77a, 0xf77a, 0xf77a, 0xf77a, 0xf77a, 0xf77a, 
    0xf77a, 0xf77a, 0xf77a, 0xf77a, 0xf77a, 0xf77a, 0xf77a, 0xf77a, 0xf77a, 0xf77a, 0xf77a, 0xf77a, 
    0xf77a, 0xf77a, 0xf77a, 0xf77a, 0xf77a, 0xf77a, 0xf77a, 0xf77a, 0xf77a, 0xf77a, 0xf77a, 0xf77a, 
    0xf77a, 0xf77a, 0xf77a, 0xf77a, 0xf77a, 0xf77a, 0xf77a, 0xf77a, 0xf77a, 0xf77a, 0xf77a, 0xf77a, 
    0xf77a, 0xf77a, 0xf77a, 0xf77a, 0xf77a, 0xf77a, 0xf77a, 0xf77a, 
    0xf77a, 0xf77a, 0xf77a, 0xf77a, 0xf77a, 0xf77a, 0xf77a, 0xf77a, 0xf77a, 0xf77a, 0xf77a, 0xf77a, 
    0xf77a, 0xf77a, 0xf77a, 0xf77a, 0xf77a, 0xf77a, 0xf77a, 0xf77a, 0xf77a, 0xf77a, 0xf77a, 0xf77a, 
    0xf77a, 0xf77a, 0xf77a, 0xf77a, 0xf77a, 0xf77a, 0xf77a, 0xf77a, 0xf77a, 0xf77a, 0xf77a, 0xf77a, 
    0xf77a, 0xf77a, 0xf77a, 0xf77a, 0xf77a, 0xf77a, 0xf77a, 0xf77a, 0xf77a, 0xf77a, 0xf77a, 0xf77a, 
    0xf77a, 0xf77a, 0xf77a, 0xf77a, 0xf77a, 0xf77a, 0xf77a, 0xf77a, 0xf77a, 0xf77a, 0xf77a, 0xf77a, 
    0xf77a, 0xf77a, 0xf77a, 0xf77a, 0xf77a, 0xf77a, 0xf77a, 0xf77a, 0xf77a, 0xf77a, 0xf77a, 0xf77a, 
    0xf77a, 0xf77a, 0xf77a, 0xf77a, 0xf77a, 0xf77a, 0xf77a, 0xf77a, 0xf77a, 0xf77a, 0xf77a, 0xf77a, 
    0xf77a, 0xf77a, 0xf77a, 0xf77a, 0xf77a, 0xf77a, 0xf77a, 0xf77a, 0xf77a, 0xf77a, 0xf77a, 0xf77a, 
    0xf77a, 0xf77a, 0xf77a, 0xf77a, 0xf77a, 0xf77a, 0xf77a, 0xf77a, 0xf77a, 0xf77a, 0xf77a, 0xf77a, 
    0xf77a, 0xf77a, 0xf77a, 0xf77a, 0xf77a, 0xf77a, 0xf77a, 0xf77a, 0xf77a, 0xf77a, 0xf77a, 0xf77a, 
    0xf77a, 0xf77a, 0xf77a, 0xf77a, 0xf77a, 0xf77a, 0xf77a, 0xf77a, 
    0xf77a, 0xf77a, 0xf77a, 0xf77a, 0xf77a, 0xf77a, 0xf77a, 0xf77a, 0xf77a, 0xf77a, 0xf77a, 0xf77a, 
    0xf77a, 0xf77a, 0xf77a, 0xf77a, 0xf77a, 0xf77a, 0xf77a, 0xf77a, 0xf77a, 0xf77a, 0xf77a, 0xf77a, 
    0xf77a, 0xf77a, 0xf77a, 0xf77a, 0xf77a, 0xf77a, 0xf77a, 0xf77a, 0xf77a, 0xf77a, 0xf77a, 0xf77a, 
    0xf77a, 0xf77a, 0xf77a, 0xf77a, 0xf77a, 0xf77a, 0xf77a, 0xf77a, 0xf77a, 0xf77a, 0xf77a, 0xf77a, 
    0xf77a, 0xf77a, 0xf77a, 0xf77a, 0xf77a, 0xf77a, 0xf77a, 0xf77a, 0xf77a, 0xf77a, 0xf77a, 0xf77a, 
    0xf77a, 0xf77a, 0xf77a, 0xf77a, 0xf77a, 0xf77a, 0xf77a, 0xf77a, 0xf77a, 0xf77a, 0xf77a, 0xf77a, 
    0xf77a, 0xf77a, 0xf77a, 0xf77a, 0xf77a, 0xf77a, 0xf77a, 0xf77a, 0xf77a, 0xf77a, 0xf77a, 0xf77a, 
    0xf77a, 0xf77a, 0xf77a, 0xf77a, 0xf77a, 0xf77a, 0xf77a, 0xf77a, 0xf77a, 0xf77a, 0xf77a, 0xf77a, 
    0xf77a, 0xf77a, 0xf77a, 0xf77a, 0xf77a, 0xf77a, 0xf77a, 0xf77a, 0xf77a, 0xf77a, 0xf77a, 0xf77a, 
    0xf77a, 0xf77a, 0xf77a, 0xf77a, 0xf77a, 0xf77a, 0xf77a, 0xf77a, 0xf77a, 0xf77a, 0xf77a, 0xf77a, 
    0xf77a, 0xf77a, 0xf77a, 0xf77a, 0xf77a, 0xf77a, 0xf77a, 0xf77a, 
    0xf77a, 0xf77a, 0xf77a, 0xf77a, 0xf77a, 0xf77a, 0xf77a, 0xf77a, 0xf77a, 0xf77a, 0xf77a, 0xf77a, 
    0xf77a, 0xf77a, 0xf77a, 0xf77a, 0xf77a, 0xf77a, 0xf77a, 0xf77a, 0xf77a, 0xf77a, 0xf77a, 0xf77a, 
    0xf77a, 0xf77a, 0xf77a, 0xf77a, 0xf77a, 0xf77a, 0xf77a, 0xf77a, 0xf77a, 0xf77a, 0xf77a, 0xf77a, 
    0xf77a, 0xf77a, 0xf77a, 0xf77a, 0xf77a, 0xf77a, 0xf77a, 0xf77a, 0xf77a, 0xf77a, 0xf77a, 0xf77a, 
    0xf77a, 0xf77a, 0xf77a, 0xf77a, 0xf77a, 0xf77a, 0xf77a, 0xf77a, 0xf77a, 0xf77a, 0xf77a, 0xf77a, 
    0xf77a, 0xf77a, 0xf77a, 0xf77a, 0xf77a, 0xf77a, 0xf77a, 0xf77a, 0xf77a, 0xf77a, 0xf77a, 0xf77a, 
    0xf77a, 0xf77a, 0xf77a, 0xf77a, 0xf77a, 0xf77a, 0xf77a, 0xf77a, 0xf77a, 0xf77a, 0xf77a, 0xf77a, 
    0xf77a, 0xf77a, 0xf77a, 0xf77a, 0xf77a, 0xf77a, 0xf77a, 0xf77a, 0xf77a, 0xf77a, 0xf77a, 0xf77a, 
    0xf77a, 0xf77a, 0xf77a, 0xf77a, 0xf77a, 0xf77a, 0xf77a, 0xf77a, 0xf77a, 0xf77a, 0xf77a, 0xf77a, 
    0xf77a, 0xf77a, 0xf77a, 0xf77a, 0xf77a, 0xf77a, 0xf77a, 0xf77a, 0xf77a, 0xf77a, 0xf77a, 0xf77a, 
    0xf77a, 0xf77a, 0xf77a, 0xf77a, 0xf77a, 0xf77a, 0xf77a, 0xf77a, 
    0xf77a, 0xf77a, 0xf77a, 0xf77a, 0xf77a, 0xf77a, 0xf77a, 0xf77a, 0xf77a, 0xf77a, 0xf77a, 0xf77a, 
    0xf77a, 0xf77a, 0xf77a, 0xf77a, 0xf77a, 0xf77a, 0xf77a, 0xf77a, 0xf77a, 0xf77a, 0xf77a, 0xf77a, 
    0xf77a, 0xf77a, 0xf77a, 0xf77a, 0xf77a, 0xf77a, 0xf77a, 0xf77a, 0xf77a, 0xf77a, 0xf77a, 0xf77a, 
    0xf77a, 0xf77a, 0xf77a, 0xf77a, 0xf77a, 0xf77a, 0xf77a, 0xf77a, 0xf77a, 0xf77a, 0xf77a, 0xf77a, 
    0xf77a, 0xf77a, 0xf77a, 0xf77a, 0xf77a, 0xf77a, 0xf77a, 0xf77a, 0xf77a, 0xf77a, 0xf77a, 0xf77a, 
    0xf77a, 0xf77a, 0xf77a, 0xf77a, 0xf77a, 0xf77a, 0xf77a, 0xf77a, 0xf77a, 0xf77a, 0xf77a, 0xf77a, 
    0xf77a, 0xf77a, 0xf77a, 0xf77a, 0xf77a, 0xf77a, 0xf77a, 0xf77a, 0xf77a, 0xf77a, 0xf77a, 0xf77a, 
    0xf77a, 0xf77a, 0xf77a, 0xf77a, 0xf77a, 0xf77a, 0xf77a, 0xf77a, 0xf77a, 0xf77a, 0xf77a, 0xf77a, 
    0xf77a, 0xf77a, 0xf77a, 0xf77a, 0xf77a, 0xf77a, 0xf77a, 0xf77a, 0xf77a, 0xf77a, 0xf77a, 0xf77a, 
    0xf77a, 0xf77a, 0xf77a, 0xf77a, 0xf77a, 0xf77a, 0xf77a, 0xf77a, 0xf77a, 0xf77a, 0xf77a, 0xf77a, 
    0xf77a, 0xf77a, 0xf77a, 0xf77a, 0xf77a, 0xf77a, 0xf77a, 0xf77a, 
    0xf77a, 0xf77a, 0xf77a, 0xf77a, 0xf77a, 0xf77a, 0xf77a, 0xf77a, 0xf77a, 0xf77a, 0xf77a, 0xf77a, 
    0xf77a, 0xf77a, 0xf77a, 0xf77a, 0xf77a, 0xf77a, 0xf77a, 0xf77a, 0xf77a, 0xf77a, 0xf77a, 0xf77a, 
    0xf77a, 0xf77a, 0xf77a, 0xf77a, 0xf77a, 0xf77a, 0xf77a, 0xf77a, 0xf77a, 0xf77a, 0xf77a, 0xf77a, 
    0xf77a, 0xf77a, 0xf77a, 0xf77a, 0xf77a, 0xf77a, 0xf77a, 0xf77a, 0xf77a, 0xf77a, 0xf77a, 0xf77a, 
    0xf77a, 0xf77a, 0xf77a, 0xf77a, 0xf77a, 0xf77a, 0xf77a, 0xf77a, 0xf77a, 0xf77a, 0xf77a, 0xf77a, 
    0xf77a, 0xf77a, 0xf77a, 0xf77a, 0xf77a, 0xf77a, 0xf77a, 0xf77a, 0xf77a, 0xf77a, 0xf77a, 0xf77a, 
    0xf77a, 0xf77a, 0xf77a, 0xf77a, 0xf77a, 0xf77a, 0xf77a, 0xf77a, 0xf77a, 0xf77a, 0xf77a, 0xf77a, 
    0xf77a, 0xf77a, 0xf77a, 0xf77a, 0xf77a, 0xf77a, 0xf77a, 0xf77a, 0xf77a, 0xf77a, 0xf77a, 0xf77a, 
    0xf77a, 0xf77a, 0xf77a, 0xf77a, 0xf77a, 0xf77a, 0xf77a, 0xf77a, 0xf77a, 0xf77a, 0xf77a, 0xf77a, 
    0xf77a, 0xf77a, 0xf77a, 0xf77a, 0xf77a, 0xf77a, 0xf77a, 0xf77a, 0xf77a, 0xf77a, 0xf77a, 0xf77a, 
    0xf77a, 0xf77a, 0xf77a, 0xf77a, 0xf77a, 0xf77a, 0xf77a, 0xf77a, 
    0xf77a, 0xf77a, 0xf77a, 0xf77a, 0xf77a, 0xf77a, 0xf77a, 0xf77a, 0xf77a, 0xf77a, 0xf77a, 0xf77a, 
    0xf77a, 0xf77a, 0xf77a, 0xf77a, 0xf77a, 0xf77a, 0xf77a, 0xf77a, 0xf77a, 0xf77a, 0xf77a, 0xf77a, 
    0xf77a, 0xf77a, 0xf77a, 0xf77a, 0xf77a, 0xf77a, 0xf77a, 0xf77a, 0xf77a, 0xf77a, 0xf77a, 0xf77a, 
    0xf77a, 0xf77a, 0xf77a, 0xf77a, 0xf77a, 0xf77a, 0xf77a, 0xf77a, 0xf77a, 0xf77a, 0xf77a, 0xf77a, 
    0xf77a, 0xf77a, 0xf77a, 0xf77a, 0xf77a, 0xf77a, 0xf77a, 0xf77a, 0xf77a, 0xf77a, 0xf77a, 0xf77a, 
    0xf77a, 0xf77a, 0xf77a, 0xf77a, 0xf77a, 0xf77a, 0xf77a, 0xf77a, 0xf77a, 0xf77a, 0xf77a, 0xf77a, 
    0xf77a, 0xf77a, 0xf77a, 0xf77a, 0xf77a, 0xf77a, 0xf77a, 0xf77a, 0xf77a, 0xf77a, 0xf77a, 0xf77a, 
    0xf77a, 0xf77a, 0xf77a, 0xf77a, 0xf77a, 0xf77a, 0xf77a, 0xf77a, 0xf77a, 0xf77a, 0xf77a, 0xf77a, 
    0xf77a, 0xf77a, 0xf77a, 0xf77a, 0xf77a, 0xf77a, 0xf77a, 0xf77a, 0xf77a, 0xf77a, 0xf77a, 0xf77a, 
    0xf77a, 0xf77a, 0xf77a, 0xf77a, 0xf77a, 0xf77a, 0xf77a, 0xf77a, 0xf77a, 0xf77a, 0xf77a, 0xf77a, 
    0xf77a, 0xf77a, 0xf77a, 0xf77a, 0xf77a, 0xf77a, 0xf77a, 0xf77a, 
    0xf77a, 0xf77a, 0xf77a, 0xf77a, 0xf77a, 0xf77a, 0xf77a, 0xf77a, 0xf77a, 0xf77a, 0xf77a, 0xf77a, 
    0xf77a, 0xf77a, 0xf77a, 0xf77a, 0xf77a, 0xf77a, 0xf77a, 0xf77a, 0xf77a, 0xf77a, 0xf77a, 0xf77a, 
    0xf77a, 0xf77a, 0xf77a, 0xf77a, 0xf77a, 0xf77a, 0xf77a, 0xf77a, 0xf77a, 0xf77a, 0xf77a, 0xf77a, 
    0xf77a, 0xf77a, 0xf77a, 0xf77a, 0xff9a, 0xf77a, 0xf75a, 0xff7b, 0xff5b, 0xf75a, 0xff5b, 0xff7b, 
    0xff5a, 0xff7a, 0xff7a, 0xff5a, 0xff5a, 0xff7a, 0xff7a, 0xf73a, 0xf75a, 0xff7a, 0xff9b, 0xf79a, 
    0xf79a, 0xf7bb, 0xf79a, 0xf79a, 0xff3b, 0xff3a, 0xff5a, 0xff7a, 0xff9a, 0xff99, 0xf799, 0xf7b9, 
    0xf7b9, 0xef79, 0xf79a, 0xffbb, 0xf75a, 0xef3a, 0xf77b, 0xff9c, 0xf77a, 0xff7b, 0xff7b, 0xff5b, 
    0xff5b, 0xff5b, 0xff7b, 0xff9a, 0xf799, 0xf799, 0xefb9, 0xf799, 0xf799, 0xf77a, 0xff5a, 0xff5a, 
    0xf77a, 0xf77a, 0xf77a, 0xf77a, 0xf77a, 0xf77a, 0xf77a, 0xf77a, 0xf77a, 0xf77a, 0xf77a, 0xf77a, 
    0xf77a, 0xf77a, 0xf77a, 0xf77a, 0xf77a, 0xf77a, 0xf77a, 0xf77a, 0xf77a, 0xf77a, 0xf77a, 0xf77a, 
    
    0xf77a, 0xf77a, 0xf77a, 0xf77a, 0xf77a, 0xf77a, 0xf77a, 0xf77a, 
    0xf77a, 0xf77a, 0xf77a, 0xf77a, 0xf77a, 0xf77a, 0xf77a, 0xf77a, 0xf77a, 0xf77a, 0xf77a, 0xf77a, 
    0xf77a, 0xf77a, 0xf77a, 0xf77a, 0xf77a, 0xf77a, 0xf77a, 0xf77a, 0xf77a, 0xf77a, 0xf77a, 0xf77a, 
    0xf77a, 0xf77a, 0xf77a, 0xf77a, 0xf77a, 0xf77a, 0xf77a, 0xf77a, 0xf77a, 0xf77a, 0xf77a, 0xf77a, 
    0xf77a, 0xf77a, 0xf77a, 0xf77a, 0xf77a, 0xf75a, 0xf77a, 0xff9b, 0xff9b, 0xf75a, 0xf73a, 0xf73a, 
    0xff7a, 0xff59, 0xf759, 0xff7a, 0xff7a, 0xff7a, 0xff7a, 0xff9b, 0xf77a, 0xf79a, 0xf79a, 0xf77a, 
    0xf77a, 0xf77a, 0xf77a, 0xf77a, 0xff5b, 0xff7b, 0xff7a, 0xf739, 0xf738, 0xf779, 0xf7b9, 0xf7b9, 
    0xe757, 0xd6d5, 0xce95, 0xdef7, 0xef79, 0xfffb, 0xffbb, 0xef39, 0xf79a, 0xf79a, 0xf77a, 0xf75a, 
    0xff5b, 0xff5b, 0xff7a, 0xf77a, 0xf799, 0xf799, 0xf799, 0xf799, 0xf799, 0xf77a, 0xff7a, 0xff5a, 
    0xf77a, 0xf77a, 0xf77a, 0xf77a, 0xf77a, 0xf77a, 0xf77a, 0xf77a, 0xf77a, 0xf77a, 0xf77a, 0xf77a, 
    0xf77a, 0xf77a, 0xf77a, 0xf77a, 0xf77a, 0xf77a, 0xf77a, 0xf77a, 0xf77a, 0xf77a, 0xf77a, 0xf77a, 
    0xf77a, 0xf77a, 0xf77a, 0xf77a, 0xf77a, 0xf77a, 0xf77a, 0xf77a, 
    0xf77a, 0xf77a, 0xf77a, 0xf77a, 0xf77a, 0xf77a, 0xf77a, 0xf77a, 0xf77a, 0xf77a, 0xf77a, 0xf77a, 
    0xf77a, 0xf77a, 0xf77a, 0xf77a, 0xf77a, 0xf77a, 0xf77a, 0xf77a, 0xf77a, 0xf77a, 0xf77a, 0xf77a, 
    0xf77a, 0xf77a, 0xf77a, 0xf77a, 0xf77a, 0xf77a, 0xf77a, 0xf77a, 0xf77a, 0xf77a, 0xf77a, 0xf77a, 
    0xf77a, 0xf77a, 0xf77a, 0xf77a, 0xff9a, 0xf77a, 0xf75a, 0xf75a, 0xff7b, 0xff7b, 0xff7b, 0xff7b, 
    0xff9a, 0xff9a, 0xf77a, 0xf779, 0xf759, 0xf779, 0xf77a, 0xff9a, 0xf77a, 0xf77a, 0xf77a, 0xf79a, 
    0xf79a, 0xf79b, 0xf79b, 0xf79b, 0xff5a, 0xff7a, 0xf75a, 0xef38, 0xf799, 0xf7f9, 0xdf36, 0xbe31, 
    0x84ab, 0x848a, 0x848b, 0x8ccc, 0xa58f, 0xd6d5, 0xefb9, 0xf7b9, 0xf7b9, 0xf7ba, 0xf7ba, 0xf77a, 
    0xf75a, 0xff7b, 0xff5b, 0xf75a, 0xf77a, 0xf799, 0xf799, 0xf799, 0xf799, 0xf77a, 0xff7a, 0xff5a, 
    0xf77a, 0xf77a, 0xf77a, 0xf77a, 0xf77a, 0xf77a, 0xf77a, 0xf77a, 0xf77a, 0xf77a, 0xf77a, 0xf77a, 
    0xf77a, 0xf77a, 0xf77a, 0xf77a, 0xf77a, 0xf77a, 0xf77a, 0xf77a, 0xf77a, 0xf77a, 0xf77a, 0xf77a, 
    0xf77a, 0xf77a, 0xf77a, 0xf77a, 0xf77a, 0xf77a, 0xf77a, 0xf77a, 
    0xf77a, 0xf77a, 0xf77a, 0xf77a, 0xf77a, 0xf77a, 0xf77a, 0xf77a, 0xf77a, 0xf77a, 0xf77a, 0xf77a, 
    0xf77a, 0xf77a, 0xf77a, 0xf77a, 0xf77a, 0xf77a, 0xf77a, 0xf77a, 0xf77a, 0xf77a, 0xf77a, 0xf77a, 
    0xf77a, 0xf77a, 0xf77a, 0xf77a, 0xf77a, 0xf77a, 0xf77a, 0xf77a, 0xf77a, 0xf77a, 0xf77a, 0xf77a, 
    0xf77a, 0xf77a, 0xf77a, 0xf77a, 0xf77a, 0xf77a, 0xf77a, 0xf77a, 0xf77a, 0xf77a, 0xf77a, 0xf77b, 
    0xe738, 0xf799, 0xffdb, 0xf7ba, 0xf7ba, 0xf7ba, 0xf77a, 0xe738, 0xf79a, 0xf77a, 0xf77a, 0xf79a, 
    0xff9b, 0xff9b, 0xf79b, 0xf77a, 0xef59, 0xf79a, 0xf7ba, 0xf7da, 0xf7fa, 0xe797, 0xae10, 0x7469, 
    0x7ca9, 0x7ca9, 0x7ca9, 0x7489, 0x7c89, 0x9d8d, 0xced3, 0xdf96, 0xdf77, 0xefb8, 0xf7da, 0xf79a, 
    0xf77a, 0xf75a, 0xff5a, 0xff7a, 0xf77a, 0xf77a, 0xf799, 0xf799, 0xf779, 0xf77a, 0xf77a, 0xff7a, 
    0xf77a, 0xf77a, 0xf77a, 0xf77a, 0xf77a, 0xf77a, 0xf77a, 0xf77a, 0xf77a, 0xf77a, 0xf77a, 0xf77a, 
    0xf77a, 0xf77a, 0xf77a, 0xf77a, 0xf77a, 0xf77a, 0xf77a, 0xf77a, 0xf77a, 0xf77a, 0xf77a, 0xf77a, 
    0xf77a, 0xf77a, 0xf77a, 0xf77a, 0xf77a, 0xf77a, 0xf77a, 0xf77a, 
    0xf77a, 0xf77a, 0xf77a, 0xf77a, 0xf77a, 0xf77a, 0xf77a, 0xf77a, 0xf77a, 0xf77a, 0xf77a, 0xf77a, 
    0xf77a, 0xf77a, 0xf77a, 0xf77a, 0xf77a, 0xf77a, 0xf77a, 0xf77a, 0xf77a, 0xf77a, 0xf77a, 0xf77a, 
    0xf77a, 0xf77a, 0xf77a, 0xf77a, 0xf77a, 0xf77a, 0xf77a, 0xf77a, 0xf77a, 0xf77a, 0xf77a, 0xf77a, 
    0xf77a, 0xf77a, 0xf77a, 0xf77a, 0xef59, 0xf77a, 0xffbb, 0xffbb, 0xf79a, 0xf77a, 0xef59, 0xef59, 
    0xfffb, 0xefb9, 0xd737, 0xced6, 0xceb5, 0xd6f6, 0xef79, 0xfffb, 0xf7ba, 0xf79a, 0xf77a, 0xf75a, 
    0xf77a, 0xf77b, 0xf77a, 0xf75a, 0xefb9, 0xefda, 0xefd9, 0xe7b8, 0xcf15, 0xa610, 0x850b, 0x6c68, 
    0x74e9, 0x6ca8, 0x6ca8, 0x74c8, 0x7487, 0x74a8, 0x7ce9, 0x850a, 0xae10, 0xc6b3, 0xdf77, 0xf7da, 
    0xf79a, 0xf75a, 0xff5a, 0xff7b, 0xff7a, 0xf77a, 0xf77a, 0xf779, 0xf779, 0xf77a, 0xf77a, 0xf77a, 
    0xf77a, 0xf77a, 0xf77a, 0xf77a, 0xf77a, 0xf77a, 0xf77a, 0xf77a, 0xf77a, 0xf77a, 0xf77a, 0xf77a, 
    0xf77a, 0xf77a, 0xf77a, 0xf77a, 0xf77a, 0xf77a, 0xf77a, 0xf77a, 0xf77a, 0xf77a, 0xf77a, 0xf77a, 
    0xf77a, 0xf77a, 0xf77a, 0xf77a, 0xf77a, 0xf77a, 0xf77a, 0xf77a, 
    0xf77a, 0xf77a, 0xf77a, 0xf77a, 0xf77a, 0xf77a, 0xf77a, 0xf77a, 0xf77a, 0xf77a, 0xf77a, 0xf77a, 
    0xf77a, 0xf77a, 0xf77a, 0xf77a, 0xf77a, 0xf77a, 0xf77a, 0xf77a, 0xf77a, 0xf77a, 0xf77a, 0xf77a, 
    0xf77a, 0xf77a, 0xf77a, 0xf77a, 0xf77a, 0xf77a, 0xf77a, 0xf77a, 0xf77a, 0xf77a, 0xf77a, 0xf77a, 
    0xf77a, 0xf77a, 0xf77a, 0xf77a, 0xf77a, 0xf79a, 0xf79a, 0xf77a, 0xef7a, 0xf79a, 0xf7da, 0xf7db, 
    0xdfb8, 0xa5f1, 0x746b, 0x6c0a, 0x63c9, 0x6bc9, 0x94ee, 0xc675, 0xe779, 0xf7ba, 0xffbb, 0xf77a, 
    0xf75a, 0xff7a, 0xff7b, 0xf75a, 0xf7fa, 0xd756, 0xbe73, 0xa5f0, 0x8d4d, 0x74ca, 0x6ca9, 0x74e9, 
    0x6cc8, 0x6486, 0x6ca7, 0x7d28, 0x7508, 0x74c7, 0x74c7, 0x74c7, 0x6ca8, 0x8d4b, 0xbe72, 0xef98, 
    0xffdb, 0xf77a, 0xff3a, 0xff7b, 0xff5b, 0xff7a, 0xf77a, 0xf77a, 0xf77a, 0xf77a, 0xf77a, 0xf77a, 
    0xf77a, 0xf77a, 0xf77a, 0xf77a, 0xf77a, 0xf77a, 0xf77a, 0xf77a, 0xf77a, 0xf77a, 0xf77a, 0xf77a, 
    0xf77a, 0xf77a, 0xf77a, 0xf77a, 0xf77a, 0xf77a, 0xf77a, 0xf77a, 0xf77a, 0xf77a, 0xf77a, 0xf77a, 
    0xf77a, 0xf77a, 0xf77a, 0xf77a, 0xf77a, 0xf77a, 0xf77a, 0xf77a, 
    0xf77a, 0xf77a, 0xf77a, 0xf77a, 0xf77a, 0xf77a, 0xf77a, 0xf77a, 0xf77a, 0xf77a, 0xf77a, 0xf77a, 
    0xf77a, 0xf77a, 0xf77a, 0xf77a, 0xf77a, 0xf77a, 0xf77a, 0xf77a, 0xf77a, 0xf77a, 0xf77a, 0xf77a, 
    0xf77a, 0xf77a, 0xf77a, 0xf77a, 0xf77a, 0xf77a, 0xf77a, 0xf77a, 0xf77a, 0xf77a, 0xf77a, 0xf77a, 
    0xf77a, 0xf77a, 0xf77a, 0xf77a, 0xf79a, 0xf79a, 0xef7a, 0xef79, 0xef99, 0xefba, 0xef99, 0xe758, 
    0x958f, 0x6c8b, 0x5bc8, 0x6409, 0x63e9, 0x5367, 0x5b88, 0x744b, 0xadd2, 0xd6f7, 0xf7da, 0xf7ba, 
    0xf77a, 0xff9b, 0xff9b, 0xff7a, 0xd755, 0xa610, 0x7ceb, 0x7489, 0x6c89, 0x6c88, 0x6ca8, 0x74e8, 
    0x64a7, 0x6486, 0x6ca6, 0x6cc6, 0x6486, 0x64a6, 0x74e7, 0x74e7, 0x6487, 0x6c88, 0x956d, 0xd715, 
    0xffda, 0xff9a, 0xf73a, 0xff5b, 0xff5b, 0xff5b, 0xff7a, 0xf77a, 0xf77a, 0xf77a, 0xf77a, 0xf77a, 
    0xf77a, 0xf77a, 0xf77a, 0xf77a, 0xf77a, 0xf77a, 0xf77a, 0xf77a, 0xf77a, 0xf77a, 0xf77a, 0xf77a, 
    0xf77a, 0xf77a, 0xf77a, 0xf77a, 0xf77a, 0xf77a, 0xf77a, 0xf77a, 0xf77a, 0xf77a, 0xf77a, 0xf77a, 
    0xf77a, 0xf77a, 0xf77a, 0xf77a, 0xf77a, 0xf77a, 0xf77a, 0xf77a, 
    0xf77a, 0xf77a, 0xf77a, 0xf77a, 0xf77a, 0xf77a, 0xf77a, 0xf77a, 0xf77a, 0xf77a, 0xf77a, 0xf77a, 
    0xf77a, 0xf77a, 0xf77a, 0xf77a, 0xf77a, 0xf77a, 0xf77a, 0xf77a, 0xf77a, 0xf77a, 0xf77a, 0xf77a, 
    0xf77a, 0xf77a, 0xf77a, 0xf77a, 0xf77a, 0xf77a, 0xf77a, 0xf77a, 0xf77a, 0xf77a, 0xf77a, 0xf77a, 
    0xf77a, 0xf77a, 0xf77a, 0xf77a, 0xef7a, 0xef9a, 0xf7ba, 0xf7da, 0xefda, 0xdf58, 0xc674, 0xa5b1, 
    0x5c08, 0x53e8, 0x53c8, 0x53c8, 0x5c09, 0x6409, 0x5be9, 0x5ba8, 0x63a9, 0xadd1, 0xe779, 0xf7ba, 
    0xf77a, 0xff9a, 0xff9a, 0xf759, 0x95ad, 0x850b, 0x7488, 0x74a9, 0x74c9, 0x6cc8, 0x6cc8, 0x6ce8, 
    0x64a7, 0x6486, 0x5c86, 0x5c66, 0x6486, 0x74e7, 0x7508, 0x6cc7, 0x7549, 0x6487, 0x7cea, 0xc693, 
    0xf7b9, 0xff9b, 0xf73a, 0xff5b, 0xff5b, 0xff5b, 0xff7a, 0xf77a, 0xf77a, 0xf77a, 0xf77a, 0xf77a, 
    0xf77a, 0xf77a, 0xf77a, 0xf77a, 0xf77a, 0xf77a, 0xf77a, 0xf77a, 0xf77a, 0xf77a, 0xf77a, 0xf77a, 
    0xf77a, 0xf77a, 0xf77a, 0xf77a, 0xf77a, 0xf77a, 0xf77a, 0xf77a, 0xf77a, 0xf77a, 0xf77a, 0xf77a, 
    0xf77a, 0xf77a, 0xf77a, 0xf77a, 0xf77a, 0xf77a, 0xf77a, 0xf77a, 
    0xf77a, 0xf77a, 0xf77a, 0xf77a, 0xf77a, 0xf77a, 0xf77a, 0xf77a, 0xf77a, 0xf77a, 0xf77a, 0xf77a, 
    0xf77a, 0xf77a, 0xf77a, 0xf77a, 0xf77a, 0xf77a, 0xf77a, 0xf77a, 0xf77a, 0xf77a, 0xf77a, 0xf77a, 
    0xf77a, 0xf77a, 0xf77a, 0xf77a, 0xf77a, 0xf77a, 0xf77a, 0xf77a, 0xf77a, 0xf77a, 0xf77a, 0xf77a, 
    0xf77a, 0xf77a, 0xf77a, 0xf79a, 0xef7a, 0xf7bb, 0xf7fb, 0xdf37, 0xa5b1, 0x744b, 0x63e9, 0x5ba8, 
    0x5408, 0x5408, 0x5408, 0x53e8, 0x53e8, 0x53c8, 0x5be8, 0x640a, 0x63c9, 0x63c9, 0xced6, 0xef99, 
    0xf7ba, 0xf799, 0xffbb, 0xdeb6, 0x7cc8, 0x74c8, 0x7cc8, 0x74c8, 0x6c67, 0x6c88, 0x74c8, 0x6cc8, 
    0x6487, 0x6467, 0x64a7, 0x74e8, 0x6cc8, 0x6467, 0x6467, 0x6cc8, 0x6ce8, 0x7509, 0x7489, 0xbe72, 
    0xfffa, 0xf75a, 0xff5b, 0xff5b, 0xff5b, 0xff5b, 0xff7a, 0xf77a, 0xf77a, 0xf77a, 0xf77a, 0xf77a,
     0xf77a, 0xf77a, 0xf77a, 0xf77a, 0xf77a, 0xf77a, 0xf77a, 0xf77a, 0xf77a, 0xf77a, 0xf77a, 0xf77a, 
     0xf77a, 0xf77a, 0xf77a, 0xf77a, 0xf77a, 0xf77a, 0xf77a, 0xf77a, 0xf77a, 0xf77a, 0xf77a, 0xf77a, 
     0xf77a, 0xf77a, 0xf77a, 0xf77a, 0xf77a, 0xf77a, 0xf77a, 0xf77a, 
    0xf77a, 0xf77a, 0xf77a, 0xf77a, 0xf77a, 0xf77a, 0xf77a, 0xf77a, 0xf77a, 0xf77a, 0xf77a, 0xf77a, 
    0xf77a, 0xf77a, 0xf77a, 0xf77a, 0xf77a, 0xf77a, 0xf77a, 0xf77a, 0xf77a, 0xf77a, 0xf77a, 0xf77a, 
    0xf77a, 0xf77a, 0xf77a, 0xf77a, 0xf77a, 0xf77a, 0xf77a, 0xf77a, 0xf77a, 0xf77a, 0xf77a, 0xf77a, 
    0xf77a, 0xf77a, 0xf77a, 0xf79a, 0xf79a, 0xfffb, 0xc695, 0x84ad, 0x6c0a, 0x63e9, 0x63e9, 0x6409, 
    0x5408, 0x5408, 0x5408, 0x5408, 0x4be8, 0x4bc7, 0x53c8, 0x53e8, 0x5bc8, 0x63c9, 0xa590, 0xf7fa, 
    0xf7d9, 0xe737, 0xfffb, 0xbdb2, 0x74c8, 0x74c8, 0x7cc8, 0x74a8, 0x6c87, 0x6ca8, 0x74e9, 0x6ca9, 
    0x5c06, 0x5c06, 0x6447, 0x6ca8, 0x6ca8, 0x6467, 0x6467, 0x6ca8, 0x7529, 0x6ca8, 0x84eb, 0xcef4, 
    0xf7b9, 0xf759, 0xff9c, 0xff5b, 0xff5b, 0xff5b, 0xff7a, 0xf77a, 0xf77a, 0xf77a, 0xf77a, 0xf77a, 
    0xf77a, 0xf77a, 0xf77a, 0xf77a, 0xf77a, 0xf77a, 0xf77a, 0xf77a, 0xf77a, 0xf77a, 0xf77a, 0xf77a, 
    0xf77a, 0xf77a, 0xf77a, 0xf77a, 0xf77a, 0xf77a, 0xf77a, 0xf77a, 0xf77a, 0xf77a, 0xf77a, 0xf77a, 
    0xf77a, 0xf77a, 0xf77a, 0xf77a, 0xf77a, 0xf77a, 0xf77a, 0xf77a, 
    0xf77a, 0xf77a, 0xf77a, 0xf77a, 0xf77a, 0xf77a, 0xf77a, 0xf77a, 0xf77a, 0xf77a, 0xf77a, 0xf77a, 
    0xf77a, 0xf77a, 0xf77a, 0xf77a, 0xf77a, 0xf77a, 0xf77a, 0xf77a, 0xf77a, 0xf77a, 0xf77a, 0xf77a, 
    0xf77a, 0xf77a, 0xf77a, 0xf77a, 0xf77a, 0xf77a, 0xf77a, 0xf77a, 0xf77a, 0xf77a, 0xff7a, 0xff7a, 
    0xf77a, 0xf77a, 0xf77a, 0xf79a, 0xef9a, 0xefba, 0x952f, 0x5b47, 0x5b88, 0x5bc8, 0x53c7, 0x5c08, 
    0x4bc7, 0x4bc7, 0x4be7, 0x4be8, 0x53e8, 0x4bc7, 0x53e8, 0x5be8, 0x5be8, 0x63e9, 0x744b, 0xd757, 
    0xf7fa, 0xefb9, 0xf7b9, 0xa52f, 0x74c7, 0x74c7, 0x7ce8, 0x74a7, 0x6c67, 0x74a8, 0x74c9, 0x6c88, 
    0x53c5, 0x5c06, 0x6447, 0x6c68, 0x6c88, 0x6c88, 0x6c89, 0x6ca9, 0x74e9, 0x6c47, 0x9dae, 0xe777, 
    0xf779, 0xf75a, 0xff9c, 0xf73a, 0xff5b, 0xff7a, 0xf77a, 0xf77a, 0xf77a, 0xf77a, 0xf77a, 0xf77a, 
    0xf77a, 0xf77a, 0xf77a, 0xf77a, 0xf77a, 0xf77a, 0xf77a, 0xf77a, 0xf77a, 0xf77a, 0xf77a, 0xf77a, 
    0xf77a, 0xf77a, 0xf77a, 0xf77a, 0xf77a, 0xf77a, 0xf77a, 0xf77a, 0xf77a, 0xf77a, 0xf77a, 0xf77a, 
    0xf77a, 0xf77a, 0xf77a, 0xf77a, 0xf77a, 0xf77a, 0xf77a, 0xf77a, 
    0xf77a, 0xf77a, 0xf77a, 0xf77a, 0xf77a, 0xf77a, 0xf77a, 0xf77a, 0xf77a, 0xf77a, 0xf77a, 0xf77a, 
    0xf77a, 0xf77a, 0xf77a, 0xf77a, 0xf77a, 0xf77a, 0xf77a, 0xf77a, 0xf77a, 0xf77a, 0xf77a, 0xf77a, 
    0xf77a, 0xf77a, 0xf77a, 0xf77a, 0xf77a, 0xf77a, 0xf77a, 0xf77a, 0xff7a, 0xff7a, 0xff7a, 0xff7a, 
    0xf77a, 0xf77a, 0xf77a, 0xf79a, 0xef9a, 0xced6, 0x742b, 0x5ba8, 0x6429, 0x5c08, 0x4ba7, 0x5407, 
    0x4bc7, 0x4bc7, 0x4bc7, 0x4be7, 0x4be7, 0x4bc7, 0x53e8, 0x5409, 0x5c09, 0x5c09, 0x5bc8, 0x954e, 
    0xdf77, 0xf7fa, 0xe777, 0xa590, 0x74c7, 0x74c7, 0x7ce8, 0x74a7, 0x6c67, 0x6c88, 0x74a9, 0x6448, 
    0x5c07, 0x6448, 0x6c89, 0x6c89, 0x6c89, 0x74c9, 0x74c9, 0x74a9, 0x7489, 0x84aa, 0xc693, 0xf7d9, 
    0xf779, 0xff7a, 0xff9b, 0xf73a, 0xff7a, 0xf77a, 0xf77a, 0xf77a, 0xf77a, 0xf77a, 0xf77a, 0xf77b, 
    0xf77a, 0xf77a, 0xf77a, 0xf77a, 0xf77a, 0xf77a, 0xf77a, 0xf77a, 0xf77a, 0xf77a, 0xf77a, 0xf77a, 
    0xf77a, 0xf77a, 0xf77a, 0xf77a, 0xf77a, 0xf77a, 0xf77a, 0xf77a, 0xf77a, 0xf77a, 0xf77a, 0xf77a, 
    0xf77a, 0xf77a, 0xf77a, 0xf77a, 0xf77a, 0xf77a, 0xf77a, 0xf77a, 
    0xf77a, 0xf77a, 0xf77a, 0xf77a, 0xf77a, 0xf77a, 0xf77a, 0xf77a, 0xf77a, 0xf77a, 0xf77a, 0xf77a, 
    0xf77a, 0xf77a, 0xf77a, 0xf77a, 0xf77a, 0xf77a, 0xf77a, 0xf77a, 0xf77a, 0xf77a, 0xf77a, 0xf77a, 
    0xf77a, 0xf77a, 0xf77a, 0xf77a, 0xf77a, 0xf77a, 0xf77a, 0xf77a, 0xff7a, 0xff7a, 0xff7a, 0xff7a, 
    0xff7a, 0xf77a, 0xf77a, 0xf79a, 0xf7db, 0xbe34, 0x5b68, 0x63c9, 0x5be8, 0x53e7, 0x5407, 0x5407, 
    0x5c09, 0x53e8, 0x53e8, 0x4bc7, 0x4ba7, 0x43a6, 0x4bc7, 0x53e8, 0x5408, 0x53e8, 0x53c8, 0x5bc7, 
    0x958e, 0xc6d4, 0xe7d8, 0x9d8f, 0x74c7, 0x74c7, 0x7ce8, 0x74a8, 0x6447, 0x6c47, 0x6c68, 0x6427, 
    0x6c68, 0x74a9, 0x74ca, 0x74a9, 0x74c9, 0x74e9, 0x74e9, 0x74a8, 0x84cb, 0xb611, 0xef78, 0xf799, 
    0xf77a, 0xff9b, 0xff5a, 0xf75a, 0xf77a, 0xf77a, 0xf79a, 0xf79a, 0xf77a, 0xf77a, 0xf77b, 0xff5b, 
    0xf77a, 0xf77a, 0xf77a, 0xf77a, 0xf77a, 0xf77a, 0xf77a, 0xf77a, 0xf77a, 0xf77a, 0xf77a, 0xf77a, 
    0xf77a, 0xf77a, 0xf77a, 0xf77a, 0xf77a, 0xf77a, 0xf77a, 0xf77a, 0xf77a, 0xf77a, 0xf77a, 0xf77a, 
    0xf77a, 0xf77a, 0xf77a, 0xf77a, 0xf77a, 0xf77a, 0xf77a, 0xf77a, 
    0xf77a, 0xf77a, 0xf77a, 0xf77a, 0xf77a, 0xf77a, 0xf77a, 0xf77a, 0xf77a, 0xf77a, 0xf77a, 0xf77a, 
    0xf77a, 0xf77a, 0xf77a, 0xf77a, 0xf77a, 0xf77a, 0xf77a, 0xf77a, 0xf77a, 0xf77a, 0xf77a, 0xf77a, 
    0xf77a, 0xf77a, 0xf77a, 0xf77a, 0xf77a, 0xf77a, 0xf77a, 0xf77a, 0xff7a, 0xff7a, 0xff7a, 0xff7a, 
    0xff7a, 0xf77a, 0xf77a, 0xf79a, 0xf7ba, 0xbe54, 0x5ba8, 0x63e9, 0x4ba7, 0x5408, 0x5c68, 0x43c6, 
    0x5c09, 0x5be8, 0x53c8, 0x4ba7, 0x4b87, 0x43a6, 0x4bc7, 0x5408, 0x5408, 0x53e7, 0x5c08, 0x53c7, 
    0x5bc7, 0x7cab, 0xe7d7, 0x8d2d, 0x74c8, 0x74a8, 0x74c8, 0x74a8, 0x6447, 0x5c07, 0x6448, 0x6448, 
    0x74ca, 0x74ea, 0x74e9, 0x74c8, 0x74c8, 0x74e8, 0x74e7, 0x6cc7, 0xadb0, 0xef78, 0xffda, 0xf759, 
    0xff7a, 0xff7a, 0xf75a, 0xff9b, 0xf77a, 0xf799, 0xf799, 0xf799, 0xf77a, 0xf77a, 0xff5b, 0xff5b, 
    0xf77a, 0xf77a, 0xf77a, 0xf77a, 0xf77a, 0xf77a, 0xf77a, 0xf77a, 0xf77a, 0xf77a, 0xf77a, 0xf77a, 
    0xf77a, 0xf77a, 0xf77a, 0xf77a, 0xf77a, 0xf77a, 0xf77a, 0xf77a, 0xf77a, 0xf77a, 0xf77a, 0xf77a, 
    0xf77a, 0xf77a, 0xf77a, 0xf77a, 0xf77a, 0xf77a, 0xf77a, 0xf77a, 
    0xf77a, 0xf77a, 0xf77a, 0xf77a, 0xf77a, 0xf77a, 0xf77a, 0xf77a, 0xf77a, 0xf77a, 0xf77a, 0xf77a, 
    0xf77a, 0xf77a, 0xf77a, 0xf77a, 0xf77a, 0xf77a, 0xf77a, 0xf77a, 0xf77a, 0xf77a, 0xf77a, 0xf77a, 
    0xf77a, 0xf77a, 0xf77a, 0xf77a, 0xf77a, 0xf77a, 0xf77a, 0xf77a, 0xff7a, 0xff7a, 0xff7a, 0xff7a, 
    0xff7a, 0xf77a, 0xf79a, 0xf79a, 0xef79, 0xd717, 0x6c0a, 0x6409, 0x53e7, 0x5428, 0x5447, 0x43e6, 
    0x5ba8, 0x53a7, 0x53a7, 0x4ba7, 0x4ba7, 0x4ba6, 0x4bc7, 0x5408, 0x5408, 0x5407, 0x5408, 0x5c07, 
    0x4b86, 0x5be7, 0xa610, 0x84eb, 0x74e9, 0x6ca8, 0x74c9, 0x74e9, 0x6447, 0x5be6, 0x6427, 0x6ca9, 
    0x74c9, 0x74c9, 0x6ca8, 0x6ca7, 0x6cc7, 0x6cc7, 0x74e6, 0x7506, 0xd675, 0xfffb, 0xff9a, 0xf759, 
    0xff7b, 0xf75a, 0xff7a, 0xff9a, 0xf799, 0xf799, 0xf799, 0xf799, 0xf77a, 0xf77a, 0xff5b, 0xff5b, 
    0xf77a, 0xf77a, 0xf77a, 0xf77a, 0xf77a, 0xf77a, 0xf77a, 0xf77a, 0xf77a, 0xf77a, 0xf77a, 0xf77a, 
    0xf77a, 0xf77a, 0xf77a, 0xf77a, 0xf77a, 0xf77a, 0xf77a, 0xf77a, 0xf77a, 0xf77a, 0xf77a, 0xf77a, 
    0xf77a, 0xf77a, 0xf77a, 0xf77a, 0xf77a, 0xf77a, 0xf77a, 0xf77a, 
    0xf77a, 0xf77a, 0xf77a, 0xf77a, 0xf77a, 0xf77a, 0xf77a, 0xf77a, 0xf77a, 0xf77a, 0xf77a, 0xf77a, 
    0xf77a, 0xf77a, 0xf77a, 0xf77a, 0xf77a, 0xf77a, 0xf77a, 0xf77a, 0xf77a, 0xf77a, 0xf77a, 0xf77a, 
    0xf77a, 0xf77a, 0xf77a, 0xf77a, 0xf77a, 0xf77a, 0xf77a, 0xf77a, 0xff7a, 0xff7a, 0xff7a, 0xff7a, 
    0xff7a, 0xf77a, 0xf79a, 0xf79a, 0xefba, 0xe799, 0x6c2a, 0x6409, 0x5c08, 0x5407, 0x4be6, 0x5447, 
    0x5ba8, 0x53a8, 0x53a7, 0x53a7, 0x4b87, 0x4386, 0x43a6, 0x4be7, 0x4c07, 0x4be7, 0x4bc7, 0x4ba6, 
    0x5c28, 0x6449, 0x5bc6, 0x7ceb, 0x74e9, 0x6ca8, 0x74c9, 0x74ea, 0x6468, 0x53e6, 0x6447, 0x74ea, 
    0x6ca8, 0x6c88, 0x6467, 0x6486, 0x6ca6, 0x6ce6, 0x7506, 0x7526, 0xdeb6, 0xffba, 0xf739, 0xff7b, 
    0xffbc, 0xf73a, 0xffbb, 0xef59, 0xf799, 0xf799, 0xef99, 0xf799, 0xf79a, 0xf77a, 0xff5b, 0xff5b, 
    0xf77a, 0xf77a, 0xf77a, 0xf77a, 0xf77a, 0xf77a, 0xf77a, 0xf77a, 0xf77a, 0xf77a, 0xf77a, 0xf77a, 
    0xf77a, 0xf77a, 0xf77a, 0xf77a, 0xf77a, 0xf77a, 0xf77a, 0xf77a, 0xf77a, 0xf77a, 0xf77a, 0xf77a, 
    0xf77a, 0xf77a, 0xf77a, 0xf77a, 0xf77a, 0xf77a, 0xf77a, 0xf77a, 
    0xf77a, 0xf77a, 0xf77a, 0xf77a, 0xf77a, 0xf77a, 0xf77a, 0xf77a, 0xf77a, 0xf77a, 0xf77a, 0xf77a, 
    0xf77a, 0xf77a, 0xf77a, 0xf77a, 0xf77a, 0xf77a, 0xf77a, 0xf77a, 0xf77a, 0xf77a, 0xf77a, 0xf77a, 
    0xf77a, 0xf77a, 0xf77a, 0xf77a, 0xf77a, 0xf77a, 0xf77a, 0xf77a, 0xff7b, 0xff7b, 0xff7b, 0xff7b, 
    0xff7a, 0xff7a, 0xf77a, 0xf79a, 0xf7da, 0xe778, 0xadd1, 0x6409, 0x53a6, 0x5c08, 0x5c48, 0x5427, 
    0x5be7, 0x5be7, 0x5c08, 0x5c08, 0x5be8, 0x53a7, 0x5387, 0x4b47, 0x5bc9, 0x53c9, 0x53a8, 0x53a7, 
    0x5407, 0x6468, 0x6ca8, 0x6cc8, 0x6c69, 0x6caa, 0x6ca9, 0x74ea, 0x6467, 0x5c26, 0x6cc8, 0x6466, 
    0x5c46, 0x53c4, 0x6ca8, 0x74a8, 0x7cc9, 0x84ea, 0x7448, 0x8ceb, 0xeed8, 0xff39, 0xff7a, 0xff5a, 
    0xf739, 0xff7a, 0xff9a, 0xff9a, 0xf759, 0xf79a, 0xf79a, 0xef7a, 0xef7a, 0xef9b, 0xef9b, 0xef7b, 
    0xf77a, 0xf77a, 0xf77a, 0xf77a, 0xf77a, 0xf77a, 0xf77a, 0xf77a, 0xf77a, 0xf77a, 0xf77a, 0xf77a, 
    0xf77a, 0xf77a, 0xf77a, 0xf77a, 0xf77a, 0xf77a, 0xf77a, 0xf77a, 0xf77a, 0xf77a, 0xf77a, 0xf77a, 
    0xf77a, 0xf77a, 0xf77a, 0xf77a, 0xf77a, 0xf77a, 0xf77a, 0xf77a, 
    0xf77a, 0xf77a, 0xf77a, 0xf77a, 0xf77a, 0xf77a, 0xf77a, 0xf77a, 0xf77a, 0xf77a, 0xf77a, 0xf77a, 
    0xf77a, 0xf77a, 0xf77a, 0xf77a, 0xf77a, 0xf77a, 0xf77a, 0xf77a, 0xf77a, 0xf77a, 0xf77a, 0xf77a, 
    0xf77a, 0xf77a, 0xf77a, 0xf77a, 0xf77a, 0xf77a, 0xf77a, 0xf77a, 0xf77a, 0xf77a, 0xff7a, 0xff7a, 
    0xff7a, 0xff7a, 0xf77a, 0xf79a, 0xe759, 0xfffb, 0xdf57, 0x8d0e, 0x5bc8, 0x5be8, 0x5c08, 0x53c7, 
    0x53c7, 0x53c7, 0x5be8, 0x5c08, 0x5c08, 0x5be8, 0x53a8, 0x4b87, 0x53a8, 0x53a8, 0x53a8, 0x53c7, 
    0x5c28, 0x6c88, 0x6cc8, 0x6ce8, 0x6448, 0x6c89, 0x6ca9, 0x6ca9, 0x5c26, 0x5c25, 0x6487, 0x5c45, 
    0x6466, 0x7d09, 0x7d09, 0x6c67, 0x84ea, 0x7cca, 0x7428, 0x9dae, 0xf739, 0xff59, 0xff7a, 0xff9b, 
    0xff9a, 0xff59, 0xf759, 0xf759, 0xff9a, 0xff9a, 0xf77a, 0xf77a, 0xf77a, 0xf79b, 0xf79b, 0xf79b, 
    0xf77a, 0xf77a, 0xf77a, 0xf77a, 0xf77a, 0xf77a, 0xf77a, 0xf77a, 0xf77a, 0xf77a, 0xf77a, 0xf77a, 
    0xf77a, 0xf77a, 0xf77a, 0xf77a, 0xf77a, 0xf77a, 0xf77a, 0xf77a, 0xf77a, 0xf77a, 0xf77a, 0xf77a, 
    0xf77a, 0xf77a, 0xf77a, 0xf77a, 0xf77a, 0xf77a, 0xf77a, 0xf77a, 
    0xf77a, 0xf77a, 0xf77a, 0xf77a, 0xf77a, 0xf77a, 0xf77a, 0xf77a, 0xf77a, 0xf77a, 0xf77a, 0xf77a, 
    0xf77a, 0xf77a, 0xf77a, 0xf77a, 0xf77a, 0xf77a, 0xf77a, 0xf77a, 0xf77a, 0xf77a, 0xf77a, 0xf77a, 
    0xf77a, 0xf77a, 0xf77a, 0xf77a, 0xf77a, 0xf77a, 0xf77a, 0xf77a, 0xf77a, 0xf77a, 0xf77a, 0xf77a, 
    0xff7a, 0xff7a, 0xf77a, 0xf77a, 0xf77a, 0xfffb, 0xf7da, 0xceb5, 0x8d0e, 0x5bc8, 0x53a7, 0x6409, 
    0x5be8, 0x5be8, 0x5be8, 0x5c08, 0x5c08, 0x5be8, 0x5be8, 0x53c8, 0x4b87, 0x4b87, 0x53a7, 0x53e7, 
    0x5c48, 0x6ca8, 0x74e8, 0x6cc7, 0x6468, 0x6468, 0x6cc9, 0x6467, 0x5c06, 0x6467, 0x6ca7, 0x6c87, 
    0x7d2a, 0x6c87, 0x7488, 0x850a, 0x7cca, 0x7449, 0x952d, 0xcf14, 0xff9a, 0xf77a, 0xf779, 0xf779, 
    0xf79a, 0xf79a, 0xf79a, 0xffba, 0xff9a, 0xf77a, 0xf759, 0xf75a, 0xf75a, 0xf75a, 0xf75a, 0xf75a, 
    0xf77a, 0xf77a, 0xf77a, 0xf77a, 0xf77a, 0xf77a, 0xf77a, 0xf77a, 0xf77a, 0xf77a, 0xf77a, 0xf77a, 
    0xf77a, 0xf77a, 0xf77a, 0xf77a, 0xf77a, 0xf77a, 0xf77a, 0xf77a, 0xf77a, 0xf77a, 0xf77a, 0xf77a, 
    0xf77a, 0xf77a, 0xf77a, 0xf77a, 0xf77a, 0xf77a, 0xf77a, 0xf77a, 
    0xf77a, 0xf77a, 0xf77a, 0xf77a, 0xf77a, 0xf77a, 0xf77a, 0xf77a, 0xf77a, 0xf77a, 0xf77a, 0xf77a, 
    0xf77a, 0xf77a, 0xf77a, 0xf77a, 0xf77a, 0xf77a, 0xf77a, 0xf77a, 0xf77a, 0xf77a, 0xf77a, 0xf77a, 
    0xf77a, 0xf77a, 0xf77a, 0xf77a, 0xf77a, 0xf77a, 0xf77a, 0xf77a, 0xf79a, 0xf79a, 0xf79a, 0xf79a, 
    0xf77a, 0xf77a, 0xff7a, 0xf77a, 0xffbb, 0xef39, 0xef9a, 0xf7fb, 0xced6, 0x8ccd, 0x63a9, 0x63a8, 
    0x5c29, 0x5c08, 0x53c7, 0x53c7, 0x53a7, 0x53c7, 0x53c8, 0x53c8, 0x4b87, 0x4b87, 0x4ba7, 0x53e7, 
    0x6447, 0x6cc8, 0x6ce7, 0x6cc6, 0x6ca9, 0x6468, 0x6ca9, 0x5c26, 0x5c26, 0x74e9, 0x74e8, 0x7d09, 
    0x74a8, 0x74a8, 0x74a9, 0x7489, 0x7469, 0xa58e, 0xdf56, 0xe797, 0xe779, 0xefb9, 0xefba, 0xef99, 
    0xef99, 0xf7ba, 0xf799, 0xf779, 0xf799, 0xf779, 0xf77a, 0xff9a, 0xff9b, 0xff7b, 0xff5b, 0xff5b, 
    0xf77a, 0xf77a, 0xf77a, 0xf77a, 0xf77a, 0xf77a, 0xf77a, 0xf77a, 0xf77a, 0xf77a, 0xf77a, 0xf77a, 
    0xf77a, 0xf77a, 0xf77a, 0xf77a, 0xf77a, 0xf77a, 0xf77a, 0xf77a, 0xf77a, 0xf77a, 0xf77a, 0xf77a, 
    0xf77a, 0xf77a, 0xf77a, 0xf77a, 0xf77a, 0xf77a, 0xf77a, 0xf77a, 
    0xf77a, 0xf77a, 0xf77a, 0xf77a, 0xf77a, 0xf77a, 0xf77a, 0xf77a, 0xf77a, 0xf77a, 0xf77a, 0xf77a, 
    0xf77a, 0xf77a, 0xf77a, 0xf77a, 0xf77a, 0xf77a, 0xf77a, 0xf77a, 0xf77a, 0xf77a, 0xf77a, 0xf77a, 
    0xf77a, 0xf77a, 0xf77a, 0xf77a, 0xf77a, 0xf77a, 0xf77a, 0xf77a, 0xf79a, 0xf79a, 0xf79a, 0xf79a, 
    0xf77a, 0xf77a, 0xff7a, 0xf77a, 0xf759, 0xf77a, 0xffdb, 0xfffb, 0xefba, 0xd717, 0xa570, 0x63a9, 
    0x53e8, 0x53e8, 0x53c7, 0x4ba6, 0x4ba6, 0x4ba6, 0x4ba6, 0x4ba7, 0x4b86, 0x4b86, 0x4ba6, 0x53c6, 
    0x6447, 0x6cc8, 0x74e7, 0x6cc6, 0x6cc9, 0x6467, 0x6467, 0x5405, 0x6466, 0x7509, 0x6cc8, 0x7ce9, 
    0x6c88, 0x852b, 0x7caa, 0x84cb, 0xb631, 0xdf36, 0xefd8, 0xf7f9, 0xeffb, 0xe799, 0xcf16, 0xc6b5, 
    0xc674, 0xc694, 0xdf37, 0xffda, 0xf799, 0xf779, 0xf759, 0xff7a, 0xff5a, 0xff5a, 0xff5a, 0xff5b, 
    0xf77a, 0xf77a, 0xf77a, 0xf77a, 0xf77a, 0xf77a, 0xf77a, 0xf77a, 0xf77a, 0xf77a, 0xf77a, 0xf77a, 
    0xf77a, 0xf77a, 0xf77a, 0xf77a, 0xf77a, 0xf77a, 0xf77a, 0xf77a, 0xf77a, 0xf77a, 0xf77a, 0xf77a, 
    0xf77a, 0xf77a, 0xf77a, 0xf77a, 0xf77a, 0xf77a, 0xf77a, 0xf77a, 
    0xf77a, 0xf77a, 0xf77a, 0xf77a, 0xf77a, 0xf77a, 0xf77a, 0xf77a, 0xf77a, 0xf77a, 0xf77a, 0xf77a, 
    0xf77a, 0xf77a, 0xf77a, 0xf77a, 0xf77a, 0xf77a, 0xf77a, 0xf77a, 0xf77a, 0xf77a, 0xf77a, 0xf77a, 
    0xf77a, 0xf77a, 0xf77a, 0xf77a, 0xf77a, 0xf77a, 0xf77a, 0xf77a, 0xf79a, 0xf79a, 0xf79a, 0xf79a, 
    0xf79a, 0xf77a, 0xf77a, 0xf77a, 0xffba, 0xf79a, 0xef79, 0xe758, 0xef78, 0xfffb, 0xefb9, 0xadf1, 
    0x53e8, 0x5408, 0x5c08, 0x5c28, 0x5c28, 0x5c28, 0x53e7, 0x53e7, 0x53c7, 0x4ba6, 0x4b86, 0x4bc6, 
    0x5c26, 0x6cc7, 0x7508, 0x74e7, 0x6cc8, 0x6487, 0x5c47, 0x5c46, 0x6cc8, 0x74e9, 0x6c67, 0x6c88, 
    0x7cea, 0x7489, 0x954d, 0xcf14, 0xf7f9, 0xefd9, 0xe777, 0xe778, 0xae53, 0x850e, 0x6c2a, 0x640a, 
    0x63c9, 0x63a8, 0x84ad, 0xbe33, 0xefb9, 0xf7ba, 0xffba, 0xf779, 0xf739, 0xf739, 0xff5a, 0xff5a, 
    0xf77a, 0xf77a, 0xf77a, 0xf77a, 0xf77a, 0xf77a, 0xf77a, 0xf77a, 0xf77a, 0xf77a, 0xf77a, 0xf77a, 
    
    0xf77a, 0xf77a, 0xf77a, 0xf77a, 0xf77a, 0xf77a, 0xf77a, 0xf77a, 0xf77a, 0xf77a, 0xf77a, 0xf77a, 
    0xf77a, 0xf77a, 0xf77a, 0xf77a, 0xf77a, 0xf77a, 0xf77a, 0xf77a, 
    0xf77a, 0xf77a, 0xf77a, 0xf77a, 0xf77a, 0xf77a, 0xf77a, 0xf77a, 0xf77a, 0xf77a, 0xf77a, 0xf77a, 
    0xf77a, 0xf77a, 0xf77a, 0xf77a, 0xf77a, 0xf77a, 0xf77a, 0xf77a, 0xf77a, 0xf77a, 0xf77a, 0xf77a, 
    0xf77a, 0xf77a, 0xf77a, 0xf77a, 0xf77a, 0xf77a, 0xf77a, 0xf77a, 0xf79a, 0xf79a, 0xf79a, 0xf79a, 
    0xf79a, 0xf79a, 0xf79a, 0xf79a, 0xef59, 0xc634, 0xb5b1, 0xb5d1, 0xb632, 0xcef5, 0xdf96, 0xcf14, 
    0x6469, 0x6469, 0x6489, 0x6ca9, 0x6cc9, 0x6ca9, 0x6489, 0x6468, 0x5c48, 0x5407, 0x4ba6, 0x4ba5, 
    0x5c06, 0x6ca8, 0x74e8, 0x74e8, 0x6ce8, 0x6cc8, 0x5c26, 0x6487, 0x74e9, 0x6c67, 0x6467, 0x7488, 
    0x74a9, 0x7caa, 0xcef4, 0xeff8, 0xefb8, 0xf7f9, 0xd6b5, 0x94ce, 0x5c29, 0x53c8, 0x53c8, 0x5c09, 
    0x5be8, 0x5387, 0x5bc8, 0x742a, 0xced5, 0xe778, 0xf7da, 0xf7ba, 0xf79a, 0xff9a, 0xffbb, 0xff7a, 
    0xf77a, 0xf77a, 0xf77a, 0xf77a, 0xf77a, 0xf77a, 0xf77a, 0xf77a, 0xf77a, 0xf77a, 0xf77a, 0xf77a, 
    0xf77a, 0xf77a, 0xf77a, 0xf77a, 0xf77a, 0xf77a, 0xf77a, 0xf77a, 0xf77a, 0xf77a, 0xf77a, 0xf77a, 
    0xf77a, 0xf77a, 0xf77a, 0xf77a, 0xf77a, 0xf77a, 0xf77a, 0xf77a, 
    0xf77a, 0xf77a, 0xf77a, 0xf77a, 0xf77a, 0xf77a, 0xf77a, 0xf77a, 0xf77a, 0xf77a, 0xf77a, 0xf77a, 
    0xf77a, 0xf77a, 0xf77a, 0xf77a, 0xf77a, 0xf77a, 0xf77a, 0xf77a, 0xf77a, 0xf77a, 0xf77a, 0xf77a, 
    0xf77a, 0xf77a, 0xf77a, 0xf77a, 0xf77a, 0xf77a, 0xf77a, 0xf77a, 0xf77a, 0xf77a, 0xf77a, 0xf77a, 
    0xf77a, 0xf79a, 0xf79a, 0xf799, 0xbe12, 0x8cac, 0x7429, 0x7c8a, 0x7caa, 0x8d2b, 0x958d, 0x8d4b, 
    0x74e9, 0x6cc9, 0x6cc9, 0x6cc8, 0x6cc8, 0x6ce9, 0x6ce9, 0x6cca, 0x6cca, 0x5c69, 0x53c7, 0x4ba6, 
    0x53e6, 0x6468, 0x74c8, 0x74c8, 0x6cc8, 0x6cc8, 0x5405, 0x6466, 0x6ca8, 0x5c06, 0x6c47, 0x7cca, 
    0x7489, 0x956d, 0xdf97, 0xeff9, 0xefb9, 0xced5, 0x844c, 0x6348, 0x4bc8, 0x5c29, 0x5c29, 0x53c7, 
    0x53c7, 0x5c09, 0x5c08, 0x5387, 0x748b, 0x9db0, 0xc6b5, 0xd717, 0xe738, 0xef99, 0xf799, 0xef59, 
    0xf77a, 0xf77a, 0xf77a, 0xf77a, 0xf77a, 0xf77a, 0xf77a, 0xf77a, 0xf77a, 0xf77a, 0xf77a, 0xf77a, 
    0xf77a, 0xf77a, 0xf77a, 0xf77a, 0xf77a, 0xf77a, 0xf77a, 0xf77a, 0xf77a, 0xf77a, 0xf77a, 0xf77a, 
    0xf77a, 0xf77a, 0xf77a, 0xf77a, 0xf77a, 0xf77a, 0xf77a, 0xf77a, 
    0xf77a, 0xf77a, 0xf77a, 0xf77a, 0xf77a, 0xf77a, 0xf77a, 0xf77a, 0xf77a, 0xf77a, 0xf77a, 0xf77a, 
    0xf77a, 0xf77a, 0xf77a, 0xf77a, 0xf77a, 0xf77a, 0xf77a, 0xf77a, 0xf77a, 0xf77a, 0xf77a, 0xf77a, 
    0xf77a, 0xf77a, 0xf77a, 0xf77a, 0xf77a, 0xf77a, 0xf77a, 0xf77a, 0xff7a, 0xff7a, 0xff7a, 0xff7a, 
    0xf77a, 0xf79a, 0xf799, 0xefb9, 0x9d2e, 0x7449, 0x7c69, 0x850b, 0x74a8, 0x6467, 0x74c8, 0x74e8, 
    0x7509, 0x6cc8, 0x6cc8, 0x74e8, 0x6cc7, 0x6ce8, 0x6ce8, 0x6cc9, 0x6cc9, 0x6cca, 0x6449, 0x4b86, 
    0x4b86, 0x6448, 0x74ca, 0x74a9, 0x74e9, 0x5406, 0x5c06, 0x6447, 0x6c88, 0x74c9, 0x74c9, 0x7cea, 
    0x7caa, 0xae10, 0xe7b7, 0xfffb, 0xd716, 0x8ccd, 0x6368, 0x6ba9, 0x4386, 0x4bc7, 0x5408, 0x5408, 
    0x53e8, 0x4bc7, 0x53e7, 0x5c08, 0x5c08, 0x5387, 0x6409, 0x744b, 0x952e, 0xdf78, 0xe798, 0xefba, 
    0xf77a, 0xf77a, 0xf77a, 0xf77a, 0xf77a, 0xf77a, 0xf77a, 0xf77a, 0xf77a, 0xf77a, 0xf77a, 0xf77a, 
    0xf77a, 0xf77a, 0xf77a, 0xf77a, 0xf77a, 0xf77a, 0xf77a, 0xf77a, 0xf77a, 0xf77a, 0xf77a, 0xf77a, 
    0xf77a, 0xf77a, 0xf77a, 0xf77a, 0xf77a, 0xf77a, 0xf77a, 0xf77a, 
    0xf77a, 0xf77a, 0xf77a, 0xf77a, 0xf77a, 0xf77a, 0xf77a, 0xf77a, 0xf77a, 0xf77a, 0xf77a, 0xf77a, 
    0xf77a, 0xf77a, 0xf77a, 0xf77a, 0xf77a, 0xf77a, 0xf77a, 0xf77a, 0xf77a, 0xf77a, 0xf77a, 0xf77a, 
    0xf77a, 0xf77a, 0xf77a, 0xf77a, 0xf77a, 0xf77a, 0xf77a, 0xf77a, 0xff5b, 0xff5b, 0xff7a, 0xff7a, 
    0xf77a, 0xf79a, 0xf799, 0xefb8, 0xa58f, 0x7c8a, 0x6c68, 0x7ce9, 0x7508, 0x7508, 0x7508, 0x64c6, 
    0x6ca7, 0x6ca7, 0x74e7, 0x7528, 0x6ce7, 0x6cc7, 0x64c7, 0x5c87, 0x6cc9, 0x6cea, 0x648a, 0x53c7, 
    0x4b86, 0x5be8, 0x6c69, 0x74aa, 0x6cc9, 0x5c26, 0x6447, 0x6c88, 0x74c9, 0x7cea, 0x7489, 0x6c69, 
    0x958e, 0xd776, 0xf7fa, 0xcf15, 0x950e, 0x6bea, 0x6388, 0x63a9, 0x4ba7, 0x4bc7, 0x5408, 0x5408, 
    0x4be7, 0x4be7, 0x5408, 0x5428, 0x5408, 0x6449, 0x5c08, 0x53a7, 0x5388, 0x956f, 0xd778, 0xe7fa, 
    0xf77a, 0xf77a, 0xf77a, 0xf77a, 0xf77a, 0xf77a, 0xf77a, 0xf77a, 0xf77a, 0xf77a, 0xf77a, 0xf77a, 
    0xf77a, 0xf77a, 0xf77a, 0xf77a, 0xf77a, 0xf77a, 0xf77a, 0xf77a, 0xf77a, 0xf77a, 0xf77a, 0xf77a, 
    0xf77a, 0xf77a, 0xf77a, 0xf77a, 0xf77a, 0xf77a, 0xf77a, 0xf77a, 
    0xf77a, 0xf77a, 0xf77a, 0xf77a, 0xf77a, 0xf77a, 0xf77a, 0xf77a, 0xf77a, 0xf77a, 0xf77a, 0xf77a, 
    0xf77a, 0xf77a, 0xf77a, 0xf77a, 0xf77a, 0xf77a, 0xf77a, 0xf77a, 0xf77a, 0xf77a, 0xf77a, 0xf77a, 
    0xf77a, 0xf77a, 0xf77a, 0xf77a, 0xf77a, 0xf77a, 0xf77a, 0xf77a, 0xff5b, 0xff5b, 0xff7a, 0xff7a, 
    0xf77a, 0xf79a, 0xf799, 0xefb8, 0xced4, 0x9d8e, 0x7cca, 0x74a8, 0x6ca7, 0x74e7, 0x7528, 0x64c6, 
    0x7d09, 0x74a7, 0x6c86, 0x6ca6, 0x6cc7, 0x7508, 0x6cc7, 0x5c46, 0x6cc9, 0x6cca, 0x6caa, 0x6449, 
    0x53a7, 0x4b86, 0x5c08, 0x74aa, 0x6c88, 0x5c06, 0x6c88, 0x74ca, 0x6c89, 0x6c48, 0x7cca, 0x9dcf, 
    0xd755, 0xf7fa, 0xe7d8, 0x956f, 0x63e9, 0x63c9, 0x5ba9, 0x5347, 0x53e8, 0x53e8, 0x53e7, 0x4bc7, 
    0x4bc7, 0x4be7, 0x4c07, 0x5408, 0x4bc7, 0x4be7, 0x4b86, 0x5c29, 0x5bc8, 0x5be9, 0xc716, 0xdfd9, 
    0xf77a, 0xf77a, 0xf77a, 0xf77a, 0xf77a, 0xf77a, 0xf77a, 0xf77a, 0xf77a, 0xf77a, 0xf77a, 0xf77a, 
    0xf77a, 0xf77a, 0xf77a, 0xf77a, 0xf77a, 0xf77a, 0xf77a, 0xf77a, 0xf77a, 0xf77a, 0xf77a, 0xf77a, 
    0xf77a, 0xf77a, 0xf77a, 0xf77a, 0xf77a, 0xf77a, 0xf77a, 0xf77a, 
    0xf77a, 0xf77a, 0xf77a, 0xf77a, 0xf77a, 0xf77a, 0xf77a, 0xf77a, 0xf77a, 0xf77a, 0xf77a, 0xf77a, 
    0xf77a, 0xf77a, 0xf77a, 0xf77a, 0xf77a, 0xf77a, 0xf77a, 0xf77a, 0xf77a, 0xf77a, 0xf77a, 0xf77a, 
    0xf77a, 0xf77a, 0xf77a, 0xf77a, 0xf77a, 0xf77a, 0xf77a, 0xf77a, 0xff5a, 0xff5a, 0xff7a, 0xff7a, 
    0xf77a, 0xf79a, 0xf799, 0xefb9, 0xf7f9, 0xcf15, 0xae30, 0x8d4b, 0x74a8, 0x6ca8, 0x74e8, 0x6ca7, 
    0x7cc9, 0x6c47, 0x6426, 0x6446, 0x6c86, 0x74e7, 0x6ce8, 0x5c67, 0x6cc9, 0x6ca9, 0x6cca, 0x6caa, 
    0x5c08, 0x4b65, 0x53e7, 0x74aa, 0x6c69, 0x6407, 0x6c69, 0x748a, 0x748a, 0x8d2c, 0xae51, 0xd776, 
    0xd796, 0xc715, 0x9daf, 0x6c2a, 0x5bc8, 0x5be9, 0x53a8, 0x5387, 0x5c08, 0x53e8, 0x4bc7, 0x4ba6, 
    0x43a6, 0x43c6, 0x4bc7, 0x4bc7, 0x4bc7, 0x4386, 0x4b87, 0x6c6b, 0x642a, 0x53a8, 0xbed5, 0xdfd9, 
    0xf77a, 0xf77a, 0xf77a, 0xf77a, 0xf77a, 0xf77a, 0xf77a, 0xf77a, 0xf77a, 0xf77a, 0xf77a, 0xf77a, 
    0xf77a, 0xf77a, 0xf77a, 0xf77a, 0xf77a, 0xf77a, 0xf77a, 0xf77a, 0xf77a, 0xf77a, 0xf77a, 0xf77a, 
    0xf77a, 0xf77a, 0xf77a, 0xf77a, 0xf77a, 0xf77a, 0xf77a, 0xf77a, 
    0xf77a, 0xf77a, 0xf77a, 0xf77a, 0xf77a, 0xf77a, 0xf77a, 0xf77a, 0xf77a, 0xf77a, 0xf77a, 0xf77a, 
    0xf77a, 0xf77a, 0xf77a, 0xf77a, 0xf77a, 0xf77a, 0xf77a, 0xf77a, 0xf77a, 0xf77a, 0xf77a, 0xf77a, 
    0xf77a, 0xf77a, 0xf77a, 0xf77a, 0xf77a, 0xf77a, 0xf77a, 0xf77a, 0xff7a, 0xff7a, 0xff7a, 0xff7a, 
    0xf77a, 0xf79a, 0xf79a, 0xefb9, 0xf7da, 0xefd9, 0xe797, 0xcef4, 0xb651, 0xa5cf, 0x956d, 0x850b, 
    0x7469, 0x7448, 0x6c48, 0x6c47, 0x6426, 0x6466, 0x6ca7, 0x6487, 0x64a8, 0x64a8, 0x6cca, 0x74eb, 
    0x6468, 0x53c6, 0x53c6, 0x6448, 0x6428, 0x6408, 0x748a, 0x850c, 0xae51, 0xdf96, 0xd756, 0xb692, 
    0x8d4e, 0x7cab, 0x6408, 0x53c8, 0x53c8, 0x4b87, 0x4b87, 0x5c08, 0x5408, 0x53c7, 0x4ba7, 0x4386, 
    0x4386, 0x4ba6, 0x4bc7, 0x4bc7, 0x53e8, 0x5c08, 0x5c09, 0x4b67, 0x5367, 0x7c4b, 0xd737, 0xefd9, 
    0xf77a, 0xf77a, 0xf77a, 0xf77a, 0xf77a, 0xf77a, 0xf77a, 0xf77a, 0xf77a, 0xf77a, 0xf77a, 0xf77a, 
    0xf77a, 0xf77a, 0xf77a, 0xf77a, 0xf77a, 0xf77a, 0xf77a, 0xf77a, 0xf77a, 0xf77a, 0xf77a, 0xf77a, 
    0xf77a, 0xf77a, 0xf77a, 0xf77a, 0xf77a, 0xf77a, 0xf77a, 0xf77a, 
    0xf77a, 0xf77a, 0xf77a, 0xf77a, 0xf77a, 0xf77a, 0xf77a, 0xf77a, 0xf77a, 0xf77a, 0xf77a, 0xf77a, 
    0xf77a, 0xf77a, 0xf77a, 0xf77a, 0xf77a, 0xf77a, 0xf77a, 0xf77a, 0xf77a, 0xf77a, 0xf77a, 0xf77a, 
    0xf77a, 0xf77a, 0xf77a, 0xf77a, 0xf77a, 0xf77a, 0xf77a, 0xf77a, 0xff7a, 0xff7a, 0xff7a, 0xf77a, 
    0xf79a, 0xf79a, 0xf79a, 0xf79a, 0xef79, 0xf7ba, 0xf7da, 0xf7da, 0xf7d9, 0xefb8, 0xe757, 0xd6d5, 
    0xb652, 0xa58f, 0x84eb, 0x7448, 0x6427, 0x6c87, 0x6487, 0x5c26, 0x6487, 0x64a8, 0x74e9, 0x750a, 
    0x6ca8, 0x5c06, 0x5be5, 0x6426, 0x6408, 0x6408, 0x958e, 0xcf35, 0xe7f8, 0xd776, 0x9d8f, 0x6c4a, 
    0x5bc8, 0x5bc8, 0x53a7, 0x53e8, 0x5408, 0x4bc7, 0x43a6, 0x4be8, 0x53c7, 0x4ba7, 0x4ba7, 0x4ba6, 
    0x4ba7, 0x4bc7, 0x4bc7, 0x53c7, 0x53e8, 0x5bc8, 0x63e9, 0x6bc9, 0x8cce, 0xc674, 0xef79, 0xf7ba, 
    0xf77a, 0xf77a, 0xf77a, 0xf77a, 0xf77a, 0xf77a, 0xf77a, 0xf77a, 0xf77a, 0xf77a, 0xf77a, 0xf77a, 
    0xf77a, 0xf77a, 0xf77a, 0xf77a, 0xf77a, 0xf77a, 0xf77a, 0xf77a, 0xf77a, 0xf77a, 0xf77a, 0xf77a, 
    0xf77a, 0xf77a, 0xf77a, 0xf77a, 0xf77a, 0xf77a, 0xf77a, 0xf77a, 
    0xf77a, 0xf77a, 0xf77a, 0xf77a, 0xf77a, 0xf77a, 0xf77a, 0xf77a, 0xf77a, 0xf77a, 0xf77a, 0xf77a, 
    0xf77a, 0xf77a, 0xf77a, 0xf77a, 0xf77a, 0xf77a, 0xf77a, 0xf77a, 0xf77a, 0xf77a, 0xf77a, 0xf77a, 
    0xf77a, 0xf77a, 0xf77a, 0xf77a, 0xf77a, 0xf77a, 0xf77a, 0xf77a, 0xf799, 0xf799, 0xf799, 0xf79a, 
    0xf79a, 0xf79a, 0xf79a, 0xf77a, 0xf77a, 0xf79b, 0xf75a, 0xf75a, 0xff9a, 0xffbb, 0xffbb, 0xffdb, 
    0xf7fa, 0xdf37, 0xb652, 0x954d, 0x7ca9, 0x74a8, 0x6c67, 0x53e5, 0x5c46, 0x6488, 0x6ce9, 0x74e9, 
    0x6ca8, 0x6487, 0x6466, 0x6465, 0x6be9, 0x84cc, 0xcf15, 0xf7fa, 0xcf35, 0x8d0d, 0x5b87, 0x5367, 
    0x5ba7, 0x5be8, 0x5c08, 0x5c08, 0x5428, 0x4be7, 0x43a6, 0x43c6, 0x53c7, 0x53c7, 0x4bc7, 0x53e7, 
    0x53e8, 0x53e8, 0x53e7, 0x5bc8, 0x6409, 0x7cac, 0x9d4f, 0xbe53, 0xe738, 0xffda, 0xff79, 0xff7a, 
    0xf77a, 0xf77a, 0xf77a, 0xf77a, 0xf77a, 0xf77a, 0xf77a, 0xf77a, 0xf77a, 0xf77a, 0xf77a, 0xf77a, 
    0xf77a, 0xf77a, 0xf77a, 0xf77a, 0xf77a, 0xf77a, 0xf77a, 0xf77a, 0xf77a, 0xf77a, 0xf77a, 0xf77a, 
    0xf77a, 0xf77a, 0xf77a, 0xf77a, 0xf77a, 0xf77a, 0xf77a, 0xf77a, 
    0xf77a, 0xf77a, 0xf77a, 0xf77a, 0xf77a, 0xf77a, 0xf77a, 0xf77a, 0xf77a, 0xf77a, 0xf77a, 0xf77a, 
    0xf77a, 0xf77a, 0xf77a, 0xf77a, 0xf77a, 0xf77a, 0xf77a, 0xf77a, 0xf77a, 0xf77a, 0xf77a, 0xf77a, 
    0xf77a, 0xf77a, 0xf77a, 0xf77a, 0xf77a, 0xf77a, 0xf77a, 0xf77a, 0xf799, 0xf799, 0xf799, 0xf799, 
    0xf79a, 0xf79a, 0xf77a, 0xf77a, 0xff9b, 0xff9b, 0xf73a, 0xe698, 0xde57, 0xd636, 0xde57, 0xeed9, 
    0xe779, 0xf7da, 0xeffa, 0xcef4, 0x8d4c, 0x6c68, 0x6447, 0x5c26, 0x53e5, 0x6467, 0x6cc8, 0x6cc8, 
    0x6ca7, 0x6cc7, 0x74c7, 0x6cc6, 0x63c8, 0xadf1, 0xf7fa, 0xd757, 0x8d0e, 0x63e9, 0x5b87, 0x63e8, 
    0x5367, 0x5bc8, 0x5c08, 0x5408, 0x4bc7, 0x3b65, 0x3b85, 0x4c07, 0x53e8, 0x5408, 0x5409, 0x5c28, 
    0x5408, 0x53e8, 0x53c8, 0x5bc8, 0x7c8b, 0xd736, 0xf7f9, 0xfffa, 0xf779, 0xff79, 0xff59, 0xff7a, 
    0xf77a, 0xf77a, 0xf77a, 0xf77a, 0xf77a, 0xf77a, 0xf77a, 0xf77a, 0xf77a, 0xf77a, 0xf77a, 0xf77a, 
    0xf77a, 0xf77a, 0xf77a, 0xf77a, 0xf77a, 0xf77a, 0xf77a, 0xf77a, 0xf77a, 0xf77a, 0xf77a, 0xf77a, 
    0xf77a, 0xf77a, 0xf77a, 0xf77a, 0xf77a, 0xf77a, 0xf77a, 0xf77a, 
    0xf77a, 0xf77a, 0xf77a, 0xf77a, 0xf77a, 0xf77a, 0xf77a, 0xf77a, 0xf77a, 0xf77a, 0xf77a, 0xf77a, 
    0xf77a, 0xf77a, 0xf77a, 0xf77a, 0xf77a, 0xf77a, 0xf77a, 0xf77a, 0xf77a, 0xf77a, 0xf77a, 0xf77a, 
    0xf77a, 0xf77a, 0xf77a, 0xf77a, 0xf77a, 0xf77a, 0xf77a, 0xf77a, 0xff5a, 0xff9b, 0xf75a, 0xf75a, 
    0xfffc, 0xe718, 0xef99, 0xf7da, 0xe778, 0xadf2, 0x7c8c, 0x6c2a, 0x6429, 0x5c08, 0x5c29, 0x6ccb, 
    0xbdd2, 0xe6f6, 0xfffa, 0xeff9, 0xae72, 0x74eb, 0x6489, 0x6d0a, 0x5c88, 0x5c47, 0x5426, 0x5c67, 
    0x64c7, 0x6cc7, 0x6ce8, 0x6d08, 0x8409, 0xce93, 0xf7f8, 0xb651, 0x6429, 0x53e7, 0x53e7, 0x4386, 
    0x5c08, 0x53e8, 0x53c8, 0x53a8, 0x4b87, 0x4b87, 0x4ba7, 0x4ba8, 0x4be7, 0x4be8, 0x4bc7, 0x53c7, 
    0x5bc7, 0x5ba7, 0x63a8, 0x740b, 0xdef7, 0xef39, 0xf79b, 0xff7b, 0xf75a, 0xff5a, 0xff79, 0xff79, 
    0xf77a, 0xf77a, 0xf77a, 0xf77a, 0xf77a, 0xf77a, 0xf77a, 0xf77a, 0xf77a, 0xf77a, 0xf77a, 0xf77a, 
    0xf77a, 0xf77a, 0xf77a, 0xf77a, 0xf77a, 0xf77a, 0xf77a, 0xf77a, 0xf77a, 0xf77a, 0xf77a, 0xf77a, 
    0xf77a, 0xf77a, 0xf77a, 0xf77a, 0xf77a, 0xf77a, 0xf77a, 0xf77a, 
    0xf77a, 0xf77a, 0xf77a, 0xf77a, 0xf77a, 0xf77a, 0xf77a, 0xf77a, 0xf77a, 0xf77a, 0xf77a, 0xf77a, 
    0xf77a, 0xf77a, 0xf77a, 0xf77a, 0xf77a, 0xf77a, 0xf77a, 0xf77a, 0xf77a, 0xf77a, 0xf77a, 0xf77a, 
    0xf77a, 0xf77a, 0xf77a, 0xf77a, 0xf77a, 0xf77a, 0xf77a, 0xf77a, 0xf73a, 0xffdc, 0xff7a, 0xef39, 
    0xf77a, 0xf79a, 0xf7da, 0xdf58, 0x8d0e, 0x742a, 0x5ba7, 0x53c7, 0x5be8, 0x53c7, 0x53e7, 0x5c28, 
    0x7389, 0x8cad, 0xc694, 0xf7fa, 0xdfd8, 0xa630, 0x74ca, 0x6468, 0x7d2b, 0x74c9, 0x6447, 0x5c06, 
    0x5c46, 0x64a7, 0x6ce8, 0x6ce8, 0x842a, 0xc672, 0xe796, 0x8d0c, 0x5be8, 0x53c7, 0x53e7, 0x4ba7, 
    0x53e8, 0x53c8, 0x53a8, 0x53a7, 0x53c8, 0x53c8, 0x53e8, 0x53c8, 0x4ba7, 0x4b86, 0x4ba7, 0x6409, 
    0x6409, 0x63c8, 0x848c, 0xbe13, 0xe759, 0xf79a, 0xffbb, 0xff9b, 0xf77a, 0xff7a, 0xff79, 0xff79, 
    0xf77a, 0xf77a, 0xf77a, 0xf77a, 0xf77a, 0xf77a, 0xf77a, 0xf77a, 0xf77a, 0xf77a, 0xf77a, 0xf77a, 
    0xf77a, 0xf77a, 0xf77a, 0xf77a, 0xf77a, 0xf77a, 0xf77a, 0xf77a, 0xf77a, 0xf77a, 0xf77a, 0xf77a, 
    0xf77a, 0xf77a, 0xf77a, 0xf77a, 0xf77a, 0xf77a, 0xf77a, 0xf77a, 
    0xf77a, 0xf77a, 0xf77a, 0xf77a, 0xf77a, 0xf77a, 0xf77a, 0xf77a, 0xf77a, 0xf77a, 0xf77a, 0xf77a, 
    0xf77a, 0xf77a, 0xf77a, 0xf77a, 0xf77a, 0xf77a, 0xf77a, 0xf77a, 0xf77a, 0xf77a, 0xf77a, 0xf77a, 
    0xf77a, 0xf77a, 0xf77a, 0xf77a, 0xf77a, 0xf77a, 0xf77a, 0xf77a, 0xf75a, 0xff9b, 0xf759, 0xf79a, 
    0xf7ba, 0xfffb, 0xd717, 0x9d4f, 0x63e9, 0x5ba8, 0x53a7, 0x5be8, 0x5c28, 0x5c08, 0x53e7, 0x4be7, 
    0x63a8, 0x5b88, 0x744b, 0xb652, 0xdfd8, 0xd797, 0xa610, 0x7ccb, 0x7469, 0x7489, 0x7468, 0x6447, 
    0x6447, 0x6cc8, 0x6d09, 0x6ce8, 0x846a, 0xbe52, 0xc6d3, 0x5be7, 0x53e7, 0x53e7, 0x4bc7, 0x4ba7, 
    0x4366, 0x4b86, 0x53c8, 0x5bc8, 0x5bc8, 0x5bc8, 0x5be8, 0x6409, 0x642a, 0x640a, 0x5bc9, 0x63c9, 
    0x7c8c, 0xa5b0, 0xd6d6, 0xf7da, 0xf79a, 0xffbb, 0xffbb, 0xf77b, 0xf77a, 0xff7a, 0xff99, 0xff99, 
    0xf77a, 0xf77a, 0xf77a, 0xf77a, 0xf77a, 0xf77a, 0xf77a, 0xf77a, 0xf77a, 0xf77a, 0xf77a, 0xf77a, 
    0xf77a, 0xf77a, 0xf77a, 0xf77a, 0xf77a, 0xf77a, 0xf77a, 0xf77a, 0xf77a, 0xf77a, 0xf77a, 0xf77a, 
    0xf77a, 0xf77a, 0xf77a, 0xf77a, 0xf77a, 0xf77a, 0xf77a, 0xf77a, 
    0xf77a, 0xf77a, 0xf77a, 0xf77a, 0xf77a, 0xf77a, 0xf77a, 0xf77a, 0xf77a, 0xf77a, 0xf77a, 0xf77a, 
    0xf77a, 0xf77a, 0xf77a, 0xf77a, 0xf77a, 0xf77a, 0xf77a, 0xf77a, 0xf77a, 0xf77a, 0xf77a, 0xf77a, 
    0xf77a, 0xf77a, 0xf77a, 0xf77a, 0xf77a, 0xf77a, 0xf77a, 0xf77a, 0xff9a, 0xf77a, 0xef59, 0xfffc, 
    0xe758, 0xc6b5, 0x950f, 0x5bc9, 0x5bc9, 0x5be9, 0x53e8, 0x53e8, 0x53e8, 0x5407, 0x53e7, 0x4bc7, 
    0x5be9, 0x5387, 0x5387, 0x74ab, 0xbeb3, 0xeff9, 0xe797, 0xbe72, 0x94ec, 0x8ccb, 0x7c69, 0x7428, 
    0x6c47, 0x6c88, 0x6cc9, 0x6ce9, 0x848b, 0xbe93, 0x9daf, 0x53a7, 0x5c28, 0x4be7, 0x43a6, 0x43a6, 
    0x5408, 0x53c7, 0x5386, 0x5387, 0x6c29, 0x850d, 0xa5f0, 0xb693, 0xbe54, 0xc6b6, 0xced6, 0xced5, 
    0xe778, 0xfffa, 0xf7da, 0xf77a, 0xf79a, 0xf77a, 0xf77b, 0xf77a, 0xf77a, 0xf799, 0xf799, 0xf799, 
    0xf77a, 0xf77a, 0xf77a, 0xf77a, 0xf77a, 0xf77a, 0xf77a, 0xf77a, 0xf77a, 0xf77a, 0xf77a, 0xf77a, 
    0xf77a, 0xf77a, 0xf77a, 0xf77a, 0xf77a, 0xf77a, 0xf77a, 0xf77a, 0xf77a, 0xf77a, 0xf77a, 0xf77a, 
    0xf77a, 0xf77a, 0xf77a, 0xf77a, 0xf77a, 0xf77a, 0xf77a, 0xf77a, 
    0xf77a, 0xf77a, 0xf77a, 0xf77a, 0xf77a, 0xf77a, 0xf77a, 0xf77a, 0xf77a, 0xf77a, 0xf77a, 0xf77a, 
    0xf77a, 0xf77a, 0xf77a, 0xf77a, 0xf77a, 0xf77a, 0xf77a, 0xf77a, 0xf77a, 0xf77a, 0xf77a, 0xf77a, 
    0xf77a, 0xf77a, 0xf77a, 0xf77a, 0xf77a, 0xf77a, 0xf77a, 0xf77a, 0xf77a, 0xf7ba, 0xffdb, 0xe779, 
    0x9d50, 0x744b, 0x5ba8, 0x5bc9, 0x53c8, 0x5408, 0x53e8, 0x4bc7, 0x4ba6, 0x53e7, 0x5408, 0x5408, 
    0x43a7, 0x4be8, 0x53c7, 0x53c8, 0x7cab, 0xb652, 0xe797, 0xfff9, 0xef56, 0xce72, 0xa58e, 0x8ccb, 
    0x7448, 0x6407, 0x6468, 0x74ea, 0x7cab, 0xbe93, 0x746a, 0x5c08, 0x5c49, 0x43c6, 0x43a6, 0x43a6, 
    0x4b86, 0x5386, 0x6408, 0x8d0d, 0xbe72, 0xdf76, 0xe7f8, 0xeff8, 0xf7fb, 0xf7da, 0xef99, 0xefb9, 
    0xefb9, 0xe758, 0xef38, 0xffdb, 0xf77a, 0xf77a, 0xf77a, 0xf77a, 0xf79a, 0xf79a, 0xf799, 0xf798, 
    0xf77a, 0xf77a, 0xf77a, 0xf77a, 0xf77a, 0xf77a, 0xf77a, 0xf77a, 0xf77a, 0xf77a, 0xf77a, 0xf77a, 
    0xf77a, 0xf77a, 0xf77a, 0xf77a, 0xf77a, 0xf77a, 0xf77a, 0xf77a, 0xf77a, 0xf77a, 0xf77a, 0xf77a, 
    0xf77a, 0xf77a, 0xf77a, 0xf77a, 0xf77a, 0xf77a, 0xf77a, 0xf77a, 
    0xf77a, 0xf77a, 0xf77a, 0xf77a, 0xf77a, 0xf77a, 0xf77a, 0xf77a, 0xf77a, 0xf77a, 0xf77a, 0xf77a, 
    0xf77a, 0xf77a, 0xf77a, 0xf77a, 0xf77a, 0xf77a, 0xf77a, 0xf77a, 0xf77a, 0xf77a, 0xf77a, 0xf77a, 
    0xf77a, 0xf77a, 0xf77a, 0xf77a, 0xf77a, 0xf77a, 0xf77a, 0xf77a, 0xef59, 0xffdb, 0xf7ba, 0xb5f3, 
    0x6bea, 0x5ba8, 0x4b88, 0x53e8, 0x4bc8, 0x4be8, 0x4be7, 0x43c6, 0x43a6, 0x4be7, 0x5408, 0x5c08, 
    0x4408, 0x4408, 0x4be7, 0x4ba7, 0x53a7, 0x742a, 0xa56f, 0xd6b4, 0xef77, 0xef97, 0xefb7, 0xdf35, 
    0xa5cf, 0x7449, 0x6408, 0x748a, 0x746a, 0xa5f0, 0x53a7, 0x5c08, 0x53e7, 0x43a6, 0x4be7, 0x53e7, 
    0x5c28, 0x6448, 0x7469, 0x84cb, 0x956d, 0xbe71, 0xdf96, 0xf7f9, 0xef99, 0xef99, 0xefb9, 0xf7d9, 
    0xfffa, 0xf7b9, 0xf799, 0xffdb, 0xf79a, 0xf77a, 0xf77a, 0xff9b, 0xffba, 0xf799, 0xf799, 0xf798, 
    0xf77a, 0xf77a, 0xf77a, 0xf77a, 0xf77a, 0xf77a, 0xf77a, 0xf77a, 0xf77a, 0xf77a, 0xf77a, 0xf77a, 
    0xf77a, 0xf77a, 0xf77a, 0xf77a, 0xf77a, 0xf77a, 0xf77a, 0xf77a, 0xf77a, 0xf77a, 0xf77a, 0xf77a, 
    0xf77a, 0xf77a, 0xf77a, 0xf77a, 0xf77a, 0xf77a, 0xf77a, 0xf77a, 
    0xf77a, 0xf77a, 0xf77a, 0xf77a, 0xf77a, 0xf77a, 0xf77a, 0xf77a, 0xf77a, 0xf77a, 0xf77a, 0xf77a, 
    0xf77a, 0xf77a, 0xf77a, 0xf77a, 0xf77a, 0xf77a, 0xf77a, 0xf77a, 0xf77a, 0xf77a, 0xf77a, 0xf77a, 
    0xf77a, 0xf77a, 0xf77a, 0xf77a, 0xf77a, 0xf77a, 0xf77a, 0xf77a, 0xf779, 0xf7ba, 0xdf17, 0x848d, 
    0x63a9, 0x640a, 0x53e8, 0x43a7, 0x43c7, 0x43c7, 0x43c7, 0x43a6, 0x4386, 0x4386, 0x4386, 0x4ba6, 
    0x3c07, 0x3bc7, 0x43e7, 0x5c29, 0x6409, 0x5ba8, 0x63a8, 0x73e9, 0x9d0e, 0xb611, 0xe756, 0xfffa, 
    0xe797, 0xadf0, 0x7c8b, 0x6be8, 0x63a8, 0x7c8b, 0x5ba7, 0x53c7, 0x4386, 0x4bc6, 0x5428, 0x5c48, 
    0x5c27, 0x6c89, 0x7cca, 0x7cca, 0x7469, 0x7c8a, 0x8d4c, 0xa5ef, 0xcef5, 0xced4, 0xbe52, 0xadaf, 
    0xb5d0, 0xce73, 0xe716, 0xf799, 0xf79a, 0xf79a, 0xf77a, 0xff9b, 0xff9a, 0xf779, 0xf779, 0xf799, 
    0xf77a, 0xf77a, 0xf77a, 0xf77a, 0xf77a, 0xf77a, 0xf77a, 0xf77a, 0xf77a, 0xf77a, 0xf77a, 0xf77a, 
    0xf77a, 0xf77a, 0xf77a, 0xf77a, 0xf77a, 0xf77a, 0xf77a, 0xf77a, 0xf77a, 0xf77a, 0xf77a, 0xf77a, 
    0xf77a, 0xf77a, 0xf77a, 0xf77a, 0xf77a, 0xf77a, 0xf77a, 0xf77a, 
    0xf77a, 0xf77a, 0xf77a, 0xf77a, 0xf77a, 0xf77a, 0xf77a, 0xf77a, 0xf77a, 0xf77a, 0xf77a, 0xf77a, 
    0xf77a, 0xf77a, 0xf77a, 0xf77a, 0xf77a, 0xf77a, 0xf77a, 0xf77a, 0xf77a, 0xf77a, 0xf77a, 0xf77a, 
    0xf77a, 0xf77a, 0xf77a, 0xf77a, 0xf77a, 0xf77a, 0xf77a, 0xf77a, 0xffda, 0xf7ba, 0xceb5, 0x6bea, 
    0x5388, 0x5be9, 0x5409, 0x5408, 0x4c29, 0x4c08, 0x4c08, 0x4be7, 0x43c6, 0x43a6, 0x4ba6, 0x4ba6, 
    0x3bc7, 0x3bc7, 0x43a7, 0x43a7, 0x4ba7, 0x5be8, 0x63e9, 0x63e9, 0x5ba8, 0x63c8, 0x84ac, 0xbe73, 
    0xf7f9, 0xef98, 0xa54f, 0x6327, 0x5b06, 0x5b67, 0x6be9, 0x5386, 0x4365, 0x5408, 0x5c48, 0x5c68, 
    0x74ca, 0x74c9, 0x74a9, 0x74a9, 0x74a9, 0x74a9, 0x74a9, 0x74a9, 0x7c89, 0x7c89, 0x7c89, 0x84aa, 
    0x7c69, 0x7c49, 0xad8f, 0xe757, 0xf799, 0xf77a, 0xf77a, 0xf77b, 0xf77a, 0xf779, 0xf779, 0xffba, 
    0xf77a, 0xf77a, 0xf77a, 0xf77a, 0xf77a, 0xf77a, 0xf77a, 0xf77a, 0xf77a, 0xf77a, 0xf77a, 0xf77a, 
    0xf77a, 0xf77a, 0xf77a, 0xf77a, 0xf77a, 0xf77a, 0xf77a, 0xf77a, 0xf77a, 0xf77a, 0xf77a, 0xf77a, 
    0xf77a, 0xf77a, 0xf77a, 0xf77a, 0xf77a, 0xf77a, 0xf77a, 0xf77a, 
    0xf77a, 0xf77a, 0xf77a, 0xf77a, 0xf77a, 0xf77a, 0xf77a, 0xf77a, 0xf77a, 0xf77a, 0xf77a, 0xf77a, 
    0xf77a, 0xf77a, 0xf77a, 0xf77a, 0xf77a, 0xf77a, 0xf77a, 0xf77a, 0xf77a, 0xf77a, 0xf77a, 0xf77a, 
    0xf77a, 0xf77a, 0xf77a, 0xf77a, 0xf77a, 0xf77a, 0xf77a, 0xf77a, 0xf799, 0xf7ba, 0xced6, 0x740b, 
    0x5367, 0x5be9, 0x646b, 0x4bc7, 0x4bc8, 0x43c7, 0x43a6, 0x43a6, 0x4be7, 0x5c28, 0x5c08, 0x53a7, 
    0x4c08, 0x43e7, 0x43a7, 0x43a7, 0x4ba7, 0x4bc7, 0x5408, 0x5409, 0x53e8, 0x53e8, 0x53c8, 0x6c2a, 
    0xd716, 0xfffa, 0xbdb1, 0x62c6, 0x5ac5, 0x6b88, 0x5b26, 0x5346, 0x6c69, 0x74eb, 0x750b, 0x6cc9, 
    0x5c47, 0x6468, 0x6ca8, 0x74a9, 0x6c88, 0x6488, 0x6488, 0x6ca9, 0x6ca7, 0x6c87, 0x74c8, 0x6c67, 
    0x84e9, 0x84ca, 0x7c69, 0xc652, 0xf7b9, 0xf79a, 0xf77a, 0xf77a, 0xf77a, 0xf77a, 0xff7a, 0xff79, 
    0xf77a, 0xf77a, 0xf77a, 0xf77a, 0xf77a, 0xf77a, 0xf77a, 0xf77a, 0xf77a, 0xf77a, 0xf77a, 0xf77a, 
    0xf77a, 0xf77a, 0xf77a, 0xf77a, 0xf77a, 0xf77a, 0xf77a, 0xf77a, 0xf77a, 0xf77a, 0xf77a, 0xf77a, 
    0xf77a, 0xf77a, 0xf77a, 0xf77a, 0xf77a, 0xf77a, 0xf77a, 0xf77a, 
    0xf77a, 0xf77a, 0xf77a, 0xf77a, 0xf77a, 0xf77a, 0xf77a, 0xf77a, 0xf77a, 0xf77a, 0xf77a, 0xf77a, 
    0xf77a, 0xf77a, 0xf77a, 0xf77a, 0xf77a, 0xf77a, 0xf77a, 0xf77a, 0xf77a, 0xf77a, 0xf77a, 0xf77a, 
    0xf77a, 0xf77a, 0xf77a, 0xf77a, 0xf77a, 0xf77a, 0xf77a, 0xf77a, 0xef79, 0xf7ba, 0xdf17, 0x8cee, 
    0x63c9, 0x5367, 0x5be9, 0x53e8, 0x53e8, 0x4be8, 0x5408, 0x5c29, 0x53e8, 0x4ba7, 0x53c7, 0x6409, 
    0x5408, 0x5408, 0x53e8, 0x4bc7, 0x4387, 0x4386, 0x43a7, 0x43e7, 0x3bc7, 0x4c08, 0x5409, 0x5387, 
    0x950e, 0xdef6, 0xd654, 0x6aa6, 0x5264, 0x6327, 0x5b26, 0x7c8b, 0xb672, 0x9e0f, 0x6cca, 0x64a8, 
    0x5c67, 0x6cc9, 0x74e9, 0x6ca8, 0x5c26, 0x4be5, 0x5406, 0x5c67, 0x5444, 0x64c6, 0x7d69, 0x6cc7, 
    0x74a7, 0x7467, 0x7448, 0xbe31, 0xefb8, 0xf79a, 0xf77a, 0xf77a, 0xff5b, 0xff5a, 0xff5a, 0xff7a, 
    0xf77a, 0xf77a, 0xf77a, 0xf77a, 0xf77a, 0xf77a, 0xf77a, 0xf77a, 0xf77a, 0xf77a, 0xf77a, 0xf77a, 
    0xf77a, 0xf77a, 0xf77a, 0xf77a, 0xf77a, 0xf77a, 0xf77a, 0xf77a, 0xf77a, 0xf77a, 0xf77a, 0xf77a, 
    0xf77a, 0xf77a, 0xf77a, 0xf77a, 0xf77a, 0xf77a, 0xf77a, 0xf77a, 
    0xf77a, 0xf77a, 0xf77a, 0xf77a, 0xf77a, 0xf77a, 0xf77a, 0xf77a, 0xf77a, 0xf77a, 0xf77a, 0xf77a, 
    0xf77a, 0xf77a, 0xf77a, 0xf77a, 0xf77a, 0xf77a, 0xf77a, 0xf77a, 0xf77a, 0xf77a, 0xf77a, 0xf77a, 
    0xf77a, 0xf77a, 0xf77a, 0xf77a, 0xf77a, 0xf77a, 0xf77a, 0xf77a, 0xf799, 0xf7ba, 0xef99, 0xc674, 
    0x954f, 0x6bea, 0x5bc9, 0x5bc9, 0x5bc8, 0x53c8, 0x53e8, 0x5c09, 0x6409, 0x5c09, 0x5be8, 0x5bc8, 
    0x53c8, 0x53c8, 0x53c7, 0x53c8, 0x53e8, 0x4be8, 0x43c7, 0x3ba7, 0x33c7, 0x3bc7, 0x5449, 0x53c8, 
    0x6c0a, 0xc613, 0xeef7, 0x72c7, 0x62c6, 0x6b07, 0x9ced, 0xdf56, 0xc6d3, 0x74ca, 0x6488, 0x750a, 
    0x5426, 0x5c47, 0x6467, 0x5c66, 0x6487, 0x64c8, 0x6ce9, 0x64e9, 0x64e7, 0x64c6, 0x6ce7, 0x6cc7, 
    0x7d29, 0x7cc8, 0x7448, 0xadaf, 0xefb8, 0xf79a, 0xf77a, 0xff7b, 0xff5b, 0xff5a, 0xff5a, 0xff5a, 
    0xf77a, 0xf77a, 0xf77a, 0xf77a, 0xf77a, 0xf77a, 0xf77a, 0xf77a, 0xf77a, 0xf77a, 0xf77a, 0xf77a, 
    0xf77a, 0xf77a, 0xf77a, 0xf77a, 0xf77a, 0xf77a, 0xf77a, 0xf77a, 0xf77a, 0xf77a, 0xf77a, 0xf77a, 
    0xf77a, 0xf77a, 0xf77a, 0xf77a, 0xf77a, 0xf77a, 0xf77a, 0xf77a, 
    0xf77a, 0xf77a, 0xf77a, 0xf77a, 0xf77a, 0xf77a, 0xf77a, 0xf77a, 0xf77a, 0xf77a, 0xf77a, 0xf77a, 
    0xf77a, 0xf77a, 0xf77a, 0xf77a, 0xf77a, 0xf77a, 0xf77a, 0xf77a, 0xf77a, 0xf77a, 0xf77a, 0xf77a, 
    0xf77a, 0xf77a, 0xf77a, 0xf77a, 0xf77a, 0xf77a, 0xf77a, 0xf77a, 0xef9a, 0xef79, 0xf7ba, 0xf7da, 
    0xe778, 0xc695, 0xb633, 0xb633, 0xc6d5, 0xbe94, 0x956f, 0x63e9, 0x4b46, 0x5ba8, 0x5bc8, 0x5387, 
    0x53a8, 0x5387, 0x5387, 0x5387, 0x53c8, 0x5be9, 0x5409, 0x4c08, 0x4408, 0x2b65, 0x3ba7, 0x53e8, 
    0x5ba8, 0x94ee, 0xd634, 0x6ac7, 0x5aa5, 0xa50e, 0xdf36, 0xcef4, 0x850b, 0x6c68, 0x74ea, 0x5c67, 
    0x5c46, 0x5c46, 0x5425, 0x5405, 0x5c67, 0x6cc8, 0x64c8, 0x5c67, 0x64c7, 0x5c66, 0x6486, 0x6ca7, 
    0x74c8, 0x7468, 0x84eb, 0xd715, 0xefb9, 0xf79a, 0xf77a, 0xff7b, 0xff5b, 0xff5a, 0xff7a, 0xff5a, 
    0xf77a, 0xf77a, 0xf77a, 0xf77a, 0xf77a, 0xf77a, 0xf77a, 0xf77a, 0xf77a, 0xf77a, 0xf77a, 0xf77a, 
    0xf77a, 0xf77a, 0xf77a, 0xf77a, 0xf77a, 0xf77a, 0xf77a, 0xf77a, 0xf77a, 0xf77a, 0xf77a, 0xf77a, 
    0xf77a, 0xf77a, 0xf77a, 0xf77a, 0xf77a, 0xf77a, 0xf77a, 0xf77a, 
    0xf77a, 0xf77a, 0xf77a, 0xf77a, 0xf77a, 0xf77a, 0xf77a, 0xf77a, 0xf77a, 0xf77a, 0xf77a, 0xf77a, 
    0xf77a, 0xf77a, 0xf77a, 0xf77a, 0xf77a, 0xf77a, 0xf77a, 0xf77a, 0xf77a, 0xf77a, 0xf77a, 0xf77a, 
    0xf77a, 0xf77a, 0xf77a, 0xf77a, 0xf77a, 0xf77a, 0xf77a, 0xf77a, 0xf7ba, 0xef9a, 0xef79, 0xf7ba, 
    0xf7ba, 0xf7ba, 0xf7ba, 0xf7da, 0xe779, 0xefd9, 0xd717, 0x9d4f, 0x6bea, 0x63a9, 0x63e9, 0x63c9, 
    0x5387, 0x63c9, 0x6be9, 0x6be9, 0x63c9, 0x63e9, 0x6409, 0x5c29, 0x546a, 0x3bc7, 0x3ba6, 0x4bc8, 
    0x5387, 0x73e9, 0xa50f, 0x7307, 0x5ac5, 0xbdf1, 0xb5d0, 0x7469, 0x7cca, 0x7d0a, 0x6467, 0x5405, 
    0x6466, 0x6ca7, 0x6cc8, 0x6487, 0x6466, 0x6467, 0x5c67, 0x5c67, 0x6448, 0x5c27, 0x6427, 0x6c68, 
    0x850b, 0x9d6d, 0xbe72, 0xf7fa, 0xef99, 0xf79a, 0xf77a, 0xf77b, 0xf77a, 0xff7a, 0xff7a, 0xff79, 
    0xf77a, 0xf77a, 0xf77a, 0xf77a, 0xf77a, 0xf77a, 0xf77a, 0xf77a, 0xf77a, 0xf77a, 0xf77a, 0xf77a, 
    0xf77a, 0xf77a, 0xf77a, 0xf77a, 0xf77a, 0xf77a, 0xf77a, 0xf77a, 0xf77a, 0xf77a, 0xf77a, 0xf77a, 
    0xf77a, 0xf77a, 0xf77a, 0xf77a, 0xf77a, 0xf77a, 0xf77a, 0xf77a, 
    0xf77a, 0xf77a, 0xf77a, 0xf77a, 0xf77a, 0xf77a, 0xf77a, 0xf77a, 0xf77a, 0xf77a, 0xf77a, 0xf77a, 
    0xf77a, 0xf77a, 0xf77a, 0xf77a, 0xf77a, 0xf77a, 0xf77a, 0xf77a, 0xf77a, 0xf77a, 0xf77a, 0xf77a, 
    0xf77a, 0xf77a, 0xf77a, 0xf77a, 0xf77a, 0xf77a, 0xf77a, 0xf77a, 0xf79a, 0xf7ba, 0xf77a, 0xf77a, 
    0xef38, 0xf759, 0xf759, 0xf79a, 0xf779, 0xf7da, 0xfffa, 0xe778, 0xb633, 0x84cd, 0x63c9, 0x5367, 
    0x5ba8, 0x63e9, 0x7c4b, 0x8ccd, 0x9d2f, 0x9d0e, 0x742a, 0x4b47, 0x53e8, 0x5408, 0x4c08, 0x4bc7, 
    0x53a7, 0x6388, 0x844b, 0x6b27, 0x5b06, 0x8cac, 0x7c6a, 0x7449, 0x7cea, 0x6467, 0x5405, 0x6cc8, 
    0x6cc7, 0x74e8, 0x74e8, 0x74e8, 0x74c8, 0x74c9, 0x74c9, 0x74c9, 0x7cab, 0x8d2d, 0x956e, 0xa5d0, 
    0xc6b4, 0xe797, 0xefb9, 0xef78, 0xf79a, 0xf79a, 0xf77b, 0xf77a, 0xf77a, 0xf77a, 0xf779, 0xf779, 
    0xf77a, 0xf77a, 0xf77a, 0xf77a, 0xf77a, 0xf77a, 0xf77a, 0xf77a, 0xf77a, 0xf77a, 0xf77a, 0xf77a, 
    0xf77a, 0xf77a, 0xf77a, 0xf77a, 0xf77a, 0xf77a, 0xf77a, 0xf77a, 0xf77a, 0xf77a, 0xf77a, 0xf77a, 
    0xf77a, 0xf77a, 0xf77a, 0xf77a, 0xf77a, 0xf77a, 0xf77a, 0xf77a, 
    0xf77a, 0xf77a, 0xf77a, 0xf77a, 0xf77a, 0xf77a, 0xf77a, 0xf77a, 0xf77a, 0xf77a, 0xf77a, 0xf77a, 
    0xf77a, 0xf77a, 0xf77a, 0xf77a, 0xf77a, 0xf77a, 0xf77a, 0xf77a, 0xf77a, 0xf77a, 0xf77a, 0xf77a, 
    0xf77a, 0xf77a, 0xf77a, 0xf77a, 0xf77a, 0xf77a, 0xf77a, 0xf77a, 0xef39, 0xf79a, 0xf79a, 0xffdb, 
    0xff7a, 0xffbb, 0xff7a, 0xff9b, 0xff7a, 0xef59, 0xef59, 0xf7ba, 0xef99, 0xd717, 0xbe94, 0xb653, 
    0xae53, 0xbe73, 0xced5, 0xef57, 0xffda, 0xffda, 0xd695, 0xa590, 0x6c2a, 0x5be8, 0x5c09, 0x4bc7, 
    0x53a7, 0x5367, 0x6388, 0x52a5, 0x52c4, 0x7c2a, 0x84ec, 0x74aa, 0x53e6, 0x5406, 0x6cc8, 0x6487, 
    0x6ce8, 0x6ca7, 0x6c87, 0x74a8, 0x74c8, 0x74a8, 0x74a8, 0x74c9, 0xa5b2, 0xcef7, 0xefb9, 0xefda, 
    0xefb9, 0xf7b9, 0xf7ba, 0xf77a, 0xf79a, 0xf77b, 0xf77b, 0xf77a, 0xf77a, 0xf799, 0xf799, 0xf799, 
    0xf77a, 0xf77a, 0xf77a, 0xf77a, 0xf77a, 0xf77a, 0xf77a, 0xf77a, 0xf77a, 0xf77a, 0xf77a, 0xf77a, 
    0xf77a, 0xf77a, 0xf77a, 0xf77a, 0xf77a, 0xf77a, 0xf77a, 0xf77a, 0xf77a, 0xf77a, 0xf77a, 0xf77a, 
    0xf77a, 0xf77a, 0xf77a, 0xf77a, 0xf77a, 0xf77a, 0xf77a, 0xf77a, 
    0xf77a, 0xf77a, 0xf77a, 0xf77a, 0xf77a, 0xf77a, 0xf77a, 0xf77a, 0xf77a, 0xf77a, 0xf77a, 0xf77a, 
    0xf77a, 0xf77a, 0xf77a, 0xf77a, 0xf77a, 0xf77a, 0xf77a, 0xf77a, 0xf77a, 0xf77a, 0xf77a, 0xf77a, 
    0xf77a, 0xf77a, 0xf77a, 0xf77a, 0xf77a, 0xf77a, 0xf77a, 0xf77a, 0xf7ba, 0xffba, 0xef59, 0xff9b, 
    0xf759, 0xff9a, 0xf739, 0xff59, 0xff5a, 0xff9a, 0xffba, 0xf79a, 0xefb9, 0xefda, 0xeffa, 0xe7d9, 
    0xdfd8, 0xeff9, 0xf7fa, 0xf7b9, 0xff78, 0xff79, 0xff79, 0xef78, 0xbe53, 0x7ccc, 0x6c8a, 0x5c09, 
    0x5be8, 0x5ba7, 0x5b87, 0x52e5, 0x5b46, 0x7449, 0x6c49, 0x6428, 0x5c47, 0x5446, 0x5c87, 0x5c86, 
    0x5c45, 0x6446, 0x74a7, 0x7ce9, 0x7ca8, 0x7488, 0x850a, 0x9dee, 0xef9b, 0xefbb, 0xef9a, 0xf7bb, 
    0xf7ba, 0xef59, 0xf77a, 0xf79a, 0xf77b, 0xf77b, 0xf77b, 0xf77a, 0xf77a, 0xf799, 0xf799, 0xf798, 
    0xf77a, 0xf77a, 0xf77a, 0xf77a, 0xf77a, 0xf77a, 0xf77a, 0xf77a, 0xf77a, 0xf77a, 0xf77a, 0xf77a, 
    0xf77a, 0xf77a, 0xf77a, 0xf77a, 0xf77a, 0xf77a, 0xf77a, 0xf77a, 0xf77a, 0xf77a, 0xf77a, 0xf77a, 
    0xf77a, 0xf77a, 0xf77a, 0xf77a, 0xf77a, 0xf77a, 0xf77a, 0xf77a, 
    0xf77a, 0xf77a, 0xf77a, 0xf77a, 0xf77a, 0xf77a, 0xf77a, 0xf77a, 0xf77a, 0xf77a, 0xf77a, 0xf77a, 
    0xf77a, 0xf77a, 0xf77a, 0xf77a, 0xf77a, 0xf77a, 0xf77a, 0xf77a, 0xf77a, 0xf77a, 0xf77a, 0xf77a, 
    0xf77a, 0xf77a, 0xf77a, 0xf77a, 0xf77a, 0xf77a, 0xf77a, 0xf77a, 0xff5b, 0xff7b, 0xf77a, 0xf79a, 
    0xefb9, 0xefb9, 0xefb9, 0xef99, 0xf779, 0xf77a, 0xff7b, 0xff5b, 0xff5b, 0xff7b, 0xff7b, 0xff7a, 
    0xff7b, 0xff9b, 0xff9b, 0xf79b, 0xf79a, 0xf79a, 0xf7ba, 0xf7ba, 0xefb9, 0xefb9, 0xdf16, 0xc652, 
    0xc631, 0x9d0c, 0x6b45, 0x6304, 0x5b44, 0x7c68, 0x63c6, 0x6427, 0x6c88, 0x74c9, 0x6ca8, 0x74c9, 
    0x74a9, 0x7c89, 0x7caa, 0x7c8a, 0x7c6a, 0x84ab, 0xae11, 0xd777, 0xff9a, 0xff59, 0xff59, 0xff7a, 
    0xf739, 0xf739, 0xff7a, 0xff7b, 0xf77a, 0xf77a, 0xf77a, 0xff7a, 0xf77a, 0xff7a, 0xff7a, 0xff7a, 
    0xf77a, 0xf77a, 0xf77a, 0xf77a, 0xf77a, 0xf77a, 0xf77a, 0xf77a, 0xf77a, 0xf77a, 0xf77a, 0xf77a, 
    0xf77a, 0xf77a, 0xf77a, 0xf77a, 0xf77a, 0xf77a, 0xf77a, 0xf77a, 0xf77a, 0xf77a, 0xf77a, 0xf77a, 
    0xf77a, 0xf77a, 0xf77a, 0xf77a, 0xf77a, 0xf77a, 0xf77a, 0xf77a, 
    0xf77a, 0xf77a, 0xf77a, 0xf77a, 0xf77a, 0xf77a, 0xf77a, 0xf77a, 0xf77a, 0xf77a, 0xf77a, 0xf77a, 
    0xf77a, 0xf77a, 0xf77a, 0xf77a, 0xf77a, 0xf77a, 0xf77a, 0xf77a, 0xf77a, 0xf77a, 0xf77a, 0xf77a, 
    0xf77a, 0xf77a, 0xf77a, 0xf77a, 0xf77a, 0xf77a, 0xf77a, 0xf77a, 0xff5b, 0xff7a, 0xf77a, 0xf79a, 
    0xefb9, 0xefb9, 0xefb9, 0xf79a, 0xf79a, 0xff7b, 0xff7b, 0xff5a, 0xf73a, 0xf759, 0xf759, 0xf779, 
    0xf799, 0xf799, 0xf779, 0xef78, 0xef78, 0xef98, 0xef98, 0xef99, 0xefd9, 0xefb9, 0xefb8, 0xefb8, 
    0xf7f9, 0xef77, 0xad6f, 0x6306, 0x4261, 0x7c48, 0x7448, 0x6c68, 0x6c47, 0x74e9, 0x7cea, 0x74a9, 
    0x7cc9, 0x7c89, 0x7c69, 0x84aa, 0x952d, 0xb652, 0xdf77, 0xf7fa, 0xf758, 0xff59, 0xff79, 0xf779, 
    0xff9a, 0xffbb, 0xff9b, 0xef59, 0xf77a, 0xf77a, 0xf77a, 0xff7a, 0xf77a, 0xf77a, 0xff7a, 0xff7a, 
    0xf77a, 0xf77a, 0xf77a, 0xf77a, 0xf77a, 0xf77a, 0xf77a, 0xf77a, 0xf77a, 0xf77a, 0xf77a, 0xf77a, 
    0xf77a, 0xf77a, 0xf77a, 0xf77a, 0xf77a, 0xf77a, 0xf77a, 0xf77a, 0xf77a, 0xf77a, 0xf77a, 0xf77a, 
    0xf77a, 0xf77a, 0xf77a, 0xf77a, 0xf77a, 0xf77a, 0xf77a, 0xf77a, 
    0xf77a, 0xf77a, 0xf77a, 0xf77a, 0xf77a, 0xf77a, 0xf77a, 0xf77a, 0xf77a, 0xf77a, 0xf77a, 0xf77a, 
    0xf77a, 0xf77a, 0xf77a, 0xf77a, 0xf77a, 0xf77a, 0xf77a, 0xf77a, 0xf77a, 0xf77a, 0xf77a, 0xf77a, 
    0xf77a, 0xf77a, 0xf77a, 0xf77a, 0xf77a, 0xf77a, 0xf77a, 0xf77a, 0xff5b, 0xff7a, 0xf77a, 0xf79a, 
    0xf799, 0xef99, 0xf799, 0xf79a, 0xf77a, 0xff7a, 0xff5b, 0xff7a, 0xff7a, 0xff9a, 0xf799, 0xf799, 
    0xef96, 0xd6f4, 0xbe51, 0xadaf, 0x9d4e, 0x9d4e, 0x9d6f, 0xa58f, 0xb612, 0xc6b4, 0xdf37, 0xefb9, 
    0xef98, 0xefb9, 0xce95, 0x5ae7, 0x6b66, 0x73e8, 0x6be7, 0x84cb, 0x958d, 0xae50, 0xb691, 0xae50, 
    0xae51, 0xb671, 0xc693, 0xcef4, 0xdf77, 0xeff9, 0xeff9, 0xe7d9, 0xf799, 0xffda, 0xffba, 0xf799, 
    0xf779, 0xef59, 0xf759, 0xff9a, 0xf77a, 0xff7a, 0xff7a, 0xff7a, 0xf77a, 0xf77a, 0xf77a, 0xf77a, 
    0xf77a, 0xf77a, 0xf77a, 0xf77a, 0xf77a, 0xf77a, 0xf77a, 0xf77a, 0xf77a, 0xf77a, 0xf77a, 0xf77a, 
    0xf77a, 0xf77a, 0xf77a, 0xf77a, 0xf77a, 0xf77a, 0xf77a, 0xf77a, 0xf77a, 0xf77a, 0xf77a, 0xf77a, 
    0xf77a, 0xf77a, 0xf77a, 0xf77a, 0xf77a, 0xf77a, 0xf77a, 0xf77a, 
    0xf77a, 0xf77a, 0xf77a, 0xf77a, 0xf77a, 0xf77a, 0xf77a, 0xf77a, 0xf77a, 0xf77a, 0xf77a, 0xf77a, 
    0xf77a, 0xf77a, 0xf77a, 0xf77a, 0xf77a, 0xf77a, 0xf77a, 0xf77a, 0xf77a, 0xf77a, 0xf77a, 0xf77a, 
    0xf77a, 0xf77a, 0xf77a, 0xf77a, 0xf77a, 0xf77a, 0xf77a, 0xf77a, 0xff7a, 0xff7a, 0xf77a, 0xf79a, 
    0xf79a, 0xf79a, 0xf79a, 0xf79a, 0xf75a, 0xf77b, 0xff7a, 0xff7a, 0xffba, 0xfffa, 0xef98, 0xd6f5, 
    0xa5cc, 0x954b, 0x7c88, 0x6c27, 0x6406, 0x6c07, 0x6c48, 0x6c49, 0x746a, 0x7c8b, 0x7c6b, 0x9d4f, 
    0xbe33, 0xdf38, 0xd6d6, 0x5b08, 0x5aa4, 0x7bc9, 0xad90, 0xdf56, 0xe7d7, 0xe7d7, 0xe7f8, 0xe7f8, 
    0xeff9, 0xeff9, 0xeff8, 0xe777, 0xcef5, 0xb632, 0x9d6f, 0x84cd, 0x9d4f, 0xadd1, 0xc674, 0xe758, 
    0xfffb, 0xf7ba, 0xf759, 0xff9a, 0xff7a, 0xff7a, 0xff7a, 0xff7a, 0xf77a, 0xf77a, 0xf77a, 0xf77a, 
    0xf77a, 0xf77a, 0xf77a, 0xf77a, 0xf77a, 0xf77a, 0xf77a, 0xf77a, 0xf77a, 0xf77a, 0xf77a, 0xf77a, 
    0xf77a, 0xf77a, 0xf77a, 0xf77a, 0xf77a, 0xf77a, 0xf77a, 0xf77a, 0xf77a, 0xf77a, 0xf77a, 0xf77a, 
    0xf77a, 0xf77a, 0xf77a, 0xf77a, 0xf77a, 0xf77a, 0xf77a, 0xf77a, 
    0xf77a, 0xf77a, 0xf77a, 0xf77a, 0xf77a, 0xf77a, 0xf77a, 0xf77a, 0xf77a, 0xf77a, 0xf77a, 0xf77a, 
    0xf77a, 0xf77a, 0xf77a, 0xf77a, 0xf77a, 0xf77a, 0xf77a, 0xf77a, 0xf77a, 0xf77a, 0xf77a, 0xf77a, 
    0xf77a, 0xf77a, 0xf77a, 0xf77a, 0xf77a, 0xf77a, 0xf77a, 0xf77a, 0xff7a, 0xff7a, 0xf77a, 0xf79a, 
    0xf79a, 0xf79a, 0xf77a, 0xf77a, 0xf77b, 0xff7b, 0xff7a, 0xf77a, 0xf7b9, 0xe797, 0xbe72, 0x952c, 
    0x7487, 0x7487, 0x7487, 0x74a7, 0x74a8, 0x74a8, 0x6467, 0x6427, 0x5be7, 0x7cca, 0x6c49, 0x6c2a, 
    0x6c09, 0x742b, 0x846c, 0x52e6, 0x62c6, 0xa4ee, 0xef37, 0xefb8, 0xe7b8, 0xeff9, 0xeff9, 0xdf97, 
    0xcf15, 0xb652, 0x9d6f, 0x8ccd, 0x742a, 0x5ba8, 0x5b88, 0x5ba8, 0x5bc8, 0x5bc8, 0x6c2a, 0x9d4f, 
    0xd6f6, 0xf7fa, 0xffda, 0xef39, 0xff7a, 0xff7a, 0xff7a, 0xff7a, 0xf77a, 0xf77a, 0xf77a, 0xf77a, 
    0xf77a, 0xf77a, 0xf77a, 0xf77a, 0xf77a, 0xf77a, 0xf77a, 0xf77a, 0xf77a, 0xf77a, 0xf77a, 0xf77a, 
    0xf77a, 0xf77a, 0xf77a, 0xf77a, 0xf77a, 0xf77a, 0xf77a, 0xf77a, 0xf77a, 0xf77a, 0xf77a, 0xf77a, 
    0xf77a, 0xf77a, 0xf77a, 0xf77a, 0xf77a, 0xf77a, 0xf77a, 0xf77a, 
    0xf77a, 0xf77a, 0xf77a, 0xf77a, 0xf77a, 0xf77a, 0xf77a, 0xf77a, 0xf77a, 0xf77a, 0xf77a, 0xf77a, 
    0xf77a, 0xf77a, 0xf77a, 0xf77a, 0xf77a, 0xf77a, 0xf77a, 0xf77a, 0xf77a, 0xf77a, 0xf77a, 0xf77a, 
    0xf77a, 0xf77a, 0xf77a, 0xf77a, 0xf77a, 0xf77a, 0xf77a, 0xf77a, 0xff7a, 0xff7a, 0xf77a, 0xf79a, 
    0xf79a, 0xf77a, 0xf77a, 0xff7b, 0xff5b, 0xff7b, 0xff7a, 0xf79a, 0xe777, 0xc6b3, 0x956c, 0x6c67, 
    0x6ca7, 0x6ca7, 0x6cc8, 0x6cc8, 0x6cc8, 0x64a7, 0x5c66, 0x5426, 0x53e5, 0x5c27, 0x4b85, 0x5be7, 
    0x7469, 0x7c69, 0x7c6a, 0x6bc7, 0x6ae7, 0xb551, 0xfffa, 0xf7da, 0xdf77, 0xc6b4, 0x9d8f, 0x746b, 
    0x746b, 0x5ba8, 0x5326, 0x5367, 0x5ba8, 0x5ba8, 0x5bc9, 0x642a, 0x53e7, 0x53e7, 0x53c7, 0x5387, 
    0x848c, 0xced5, 0xfffa, 0xf759, 0xff7a, 0xff7a, 0xff7a, 0xff7a, 0xf77a, 0xf77a, 0xf77a, 0xf77a, 
    0xf77a, 0xf77a, 0xf77a, 0xf77a, 0xf77a, 0xf77a, 0xf77a, 0xf77a, 0xf77a, 0xf77a, 0xf77a, 0xf77a, 
    0xf77a, 0xf77a, 0xf77a, 0xf77a, 0xf77a, 0xf77a, 0xf77a, 0xf77a, 0xf77a, 0xf77a, 0xf77a, 0xf77a, 
    0xf77a, 0xf77a, 0xf77a, 0xf77a, 0xf77a, 0xf77a, 0xf77a, 0xf77a, 
    0xf77a, 0xf77a, 0xf77a, 0xf77a, 0xf77a, 0xf77a, 0xf77a, 0xf77a, 0xf77a, 0xf77a, 0xf77a, 0xf77a, 
    0xf77a, 0xf77a, 0xf77a, 0xf77a, 0xf77a, 0xf77a, 0xf77a, 0xf77a, 0xf77a, 0xf77a, 0xf77a, 0xf77a, 
    0xf77a, 0xf77a, 0xf77a, 0xf77a, 0xf77a, 0xf77a, 0xf77a, 0xf77a, 0xff7a, 0xf77a, 0xf77a, 0xf79a, 
    0xf77a, 0xf77a, 0xff7b, 0xff5b, 0xff7b, 0xf73a, 0xff7a, 0xffda, 0xdf36, 0x9dce, 0x7cc9, 0x6ca7, 
    0x6488, 0x5c67, 0x5c46, 0x5426, 0x5426, 0x5446, 0x5c87, 0x64c7, 0x64a7, 0x6cc8, 0x6cc8, 0x7d09, 
    0x7ce9, 0x7487, 0x7c88, 0x84c9, 0x7328, 0xc5b2, 0xffda, 0xc653, 0x8cee, 0x6bea, 0x5ba8, 0x63e9, 
    0x5367, 0x4b26, 0x4b46, 0x5387, 0x5be8, 0x53e8, 0x4ba7, 0x4366, 0x3385, 0x43c6, 0x5c49, 0x5c08, 
    0x63e9, 0xa5b1, 0xef99, 0xffba, 0xff7a, 0xff7a, 0xff7a, 0xff7a, 0xf77a, 0xf77a, 0xf79a, 0xf79a, 
    0xf77a, 0xf77a, 0xf77a, 0xf77a, 0xf77a, 0xf77a, 0xf77a, 0xf77a, 0xf77a, 0xf77a, 0xf77a, 0xf77a, 
    0xf77a, 0xf77a, 0xf77a, 0xf77a, 0xf77a, 0xf77a, 0xf77a, 0xf77a, 0xf77a, 0xf77a, 0xf77a, 0xf77a, 
    0xf77a, 0xf77a, 0xf77a, 0xf77a, 0xf77a, 0xf77a, 0xf77a, 0xf77a, 
    0xf77a, 0xf77a, 0xf77a, 0xf77a, 0xf77a, 0xf77a, 0xf77a, 0xf77a, 0xf77a, 0xf77a, 0xf77a, 0xf77a, 
    0xf77a, 0xf77a, 0xf77a, 0xf77a, 0xf77a, 0xf77a, 0xf77a, 0xf77a, 0xf77a, 0xf77a, 0xf77a, 0xf77a, 
    0xf77a, 0xf77a, 0xf77a, 0xf77a, 0xf77a, 0xf77a, 0xf77a, 0xf77a, 0xf77a, 0xf77a, 0xf77a, 0xf79a, 
    0xf77a, 0xff7a, 0xff7b, 0xff5b, 0xff7c, 0xf71a, 0xf77a, 0xfffa, 0xced4, 0x7cca, 0x6446, 0x7528, 
    0x6cea, 0x6ca9, 0x5c88, 0x5447, 0x5426, 0x5467, 0x5ca7, 0x64e8, 0x7549, 0x5c65, 0x6486, 0x74e7, 
    0x74c7, 0x7ca7, 0x7466, 0x7466, 0x62e7, 0xbdb2, 0xdef7, 0x7c4b, 0x5b88, 0x5bc8, 0x53a7, 0x4366, 
    0x4b87, 0x4ba7, 0x4ba7, 0x4366, 0x4386, 0x43a7, 0x43c7, 0x43c7, 0x4427, 0x3ba5, 0x4c28, 0x5c08, 
    0x4b66, 0x84ac, 0xd6f6, 0xf7ba, 0xff7a, 0xff7a, 0xff7a, 0xff7a, 0xf77a, 0xf77a, 0xf79a, 0xf79a, 
    0xf77a, 0xf77a, 0xf77a, 0xf77a, 0xf77a, 0xf77a, 0xf77a, 0xf77a, 0xf77a, 0xf77a, 0xf77a, 0xf77a, 
    0xf77a, 0xf77a, 0xf77a, 0xf77a, 0xf77a, 0xf77a, 0xf77a, 0xf77a, 0xf77a, 0xf77a, 0xf77a, 0xf77a, 
    0xf77a, 0xf77a, 0xf77a, 0xf77a, 0xf77a, 0xf77a, 0xf77a, 0xf77a, 
    0xf77a, 0xf77a, 0xf77a, 0xf77a, 0xf77a, 0xf77a, 0xf77a, 0xf77a, 0xf77a, 0xf77a, 0xf77a, 0xf77a, 
    0xf77a, 0xf77a, 0xf77a, 0xf77a, 0xf77a, 0xf77a, 0xf77a, 0xf77a, 0xf77a, 0xf77a, 0xf77a, 0xf77a, 
    0xf77a, 0xf77a, 0xf77a, 0xf77a, 0xf77a, 0xf77a, 0xf77a, 0xf77a, 0xf77a, 0xf77a, 0xf77a, 0xf79a, 
    0xf77a, 0xff7a, 0xff7b, 0xff5b, 0xff5b, 0xf73a, 0xffbb, 0xfffa, 0xceb4, 0x84ea, 0x6466, 0x74e8, 
    0x6cca, 0x6468, 0x5c68, 0x64a8, 0x64c9, 0x5cc8, 0x64c8, 0x64e8, 0x64c7, 0x64a6, 0x6ca7, 0x74c7, 
    0x7486, 0x8d09, 0x8d09, 0x5342, 0x5a85, 0xa52f, 0x9d0e, 0x63a8, 0x5387, 0x4b67, 0x3b46, 0x4ba7, 
    0x5408, 0x5408, 0x53e8, 0x4bc7, 0x43c7, 0x4407, 0x4427, 0x4427, 0x4447, 0x3ba5, 0x3ba6, 0x53e8, 
    0x5bc8, 0x742a, 0xdef6, 0xf779, 0xf77a, 0xff7a, 0xff7a, 0xff7a, 0xf77a, 0xf77a, 0xf79a, 0xf79a, 
    0xf77a, 0xf77a, 0xf77a, 0xf77a, 0xf77a, 0xf77a, 0xf77a, 0xf77a, 0xf77a, 0xf77a, 0xf77a, 0xf77a, 
    0xf77a, 0xf77a, 0xf77a, 0xf77a, 0xf77a, 0xf77a, 0xf77a, 0xf77a, 0xf77a, 0xf77a, 0xf77a, 0xf77a, 
    0xf77a, 0xf77a, 0xf77a, 0xf77a, 0xf77a, 0xf77a, 0xf77a, 0xf77a, 
    0xf77a, 0xf77a, 0xf77a, 0xf77a, 0xf77a, 0xf77a, 0xf77a, 0xf77a, 0xf77a, 0xf77a, 0xf77a, 0xf77a, 
    0xf77a, 0xf77a, 0xf77a, 0xf77a, 0xf77a, 0xf77a, 0xf77a, 0xf77a, 0xf77a, 0xf77a, 0xf77a, 0xf77a, 
    0xf77a, 0xf77a, 0xf77a, 0xf77a, 0xf77a, 0xf77a, 0xf77a, 0xf77a, 0xff7a, 0xf77a, 0xf77a, 0xf79a, 
    0xf77a, 0xf77a, 0xff7b, 0xff5b, 0xff9c, 0xf73a, 0xf77a, 0xf799, 0xcef4, 0x956d, 0x74a8, 0x74c8, 
    0x6ca9, 0x6ca8, 0x64a8, 0x64a8, 0x5c87, 0x5466, 0x5ca7, 0x6d29, 0x64c7, 0x64a7, 0x6c87, 0x7488, 
    0x8d2b, 0xbe70, 0xb60f, 0x5b24, 0x5285, 0x7bea, 0x6ba9, 0x4b06, 0x5387, 0x53e8, 0x4bc7, 0x53e8, 
    0x3b65, 0x4be7, 0x5c69, 0x5c69, 0x4407, 0x3bc5, 0x3be6, 0x4447, 0x4427, 0x4c28, 0x5448, 0x5c29, 
    0x5ba8, 0x7c4b, 0xe738, 0xffba, 0xf77a, 0xff7a, 0xff7a, 0xff7a, 0xf77a, 0xf77a, 0xf77a, 0xf79a, 
    0xf77a, 0xf77a, 0xf77a, 0xf77a, 0xf77a, 0xf77a, 0xf77a, 0xf77a, 0xf77a, 0xf77a, 0xf77a, 0xf77a, 
    0xf77a, 0xf77a, 0xf77a, 0xf77a, 0xf77a, 0xf77a, 0xf77a, 0xf77a, 0xf77a, 0xf77a, 0xf77a, 0xf77a, 
    0xf77a, 0xf77a, 0xf77a, 0xf77a, 0xf77a, 0xf77a, 0xf77a, 0xf77a, 
    0xf77a, 0xf77a, 0xf77a, 0xf77a, 0xf77a, 0xf77a, 0xf77a, 0xf77a, 0xf77a, 0xf77a, 0xf77a, 0xf77a, 
    0xf77a, 0xf77a, 0xf77a, 0xf77a, 0xf77a, 0xf77a, 0xf77a, 0xf77a, 0xf77a, 0xf77a, 0xf77a, 0xf77a, 
    0xf77a, 0xf77a, 0xf77a, 0xf77a, 0xf77a, 0xf77a, 0xf77a, 0xf77a, 0xff7a, 0xff7a, 0xf77a, 0xf79a, 
    0xf79a, 0xf77a, 0xf77a, 0xff7b, 0xff7b, 0xf73a, 0xf77a, 0xffba, 0xe777, 0xb651, 0x850b, 0x6c67, 
    0x6ca7, 0x74c8, 0x7509, 0x7509, 0x6ce8, 0x6487, 0x64a7, 0x6ce9, 0x752a, 0x6c88, 0x6428, 0x8cec, 
    0xc672, 0xf7d9, 0xd694, 0x52a5, 0x5aa5, 0x6306, 0x5b47, 0x5b67, 0x6c2a, 0x644a, 0x5409, 0x4ba7, 
    0x5429, 0x4bc7, 0x4bc7, 0x4c07, 0x5428, 0x4c07, 0x43e6, 0x3be6, 0x4c07, 0x5428, 0x5c29, 0x53c8, 
    0x5367, 0x848c, 0xe738, 0xf77a, 0xf77a, 0xf77a, 0xff7a, 0xf77a, 0xf77a, 0xf77a, 0xf77a, 0xf77a, 
    0xf77a, 0xf77a, 0xf77a, 0xf77a, 0xf77a, 0xf77a, 0xf77a, 0xf77a, 0xf77a, 0xf77a, 0xf77a, 0xf77a, 
    0xf77a, 0xf77a, 0xf77a, 0xf77a, 0xf77a, 0xf77a, 0xf77a, 0xf77a, 0xf77a, 0xf77a, 0xf77a, 0xf77a, 
    0xf77a, 0xf77a, 0xf77a, 0xf77a, 0xf77a, 0xf77a, 0xf77a, 0xf77a, 
    0xf77a, 0xf77a, 0xf77a, 0xf77a, 0xf77a, 0xf77a, 0xf77a, 0xf77a, 0xf77a, 0xf77a, 0xf77a, 0xf77a, 
    0xf77a, 0xf77a, 0xf77a, 0xf77a, 0xf77a, 0xf77a, 0xf77a, 0xf77a, 0xf77a, 0xf77a, 0xf77a, 0xf77a, 
    0xf77a, 0xf77a, 0xf77a, 0xf77a, 0xf77a, 0xf77a, 0xf77a, 0xf77a, 0xff7a, 0xff7a, 0xf77a, 0xf79a, 
    0xf79a, 0xf79a, 0xf77a, 0xf77a, 0xf77b, 0xf75a, 0xff7b, 0xffdb, 0xffda, 0xdf36, 0xb631, 0x954d, 
    0x7ca8, 0x7487, 0x6c66, 0x6c87, 0x74c8, 0x74c8, 0x6cc8, 0x74c9, 0x74a9, 0x6c49, 0x84cc, 0xbe33, 
    0xef59, 0xfffc, 0xd635, 0x5a67, 0x6b07, 0x62e6, 0x7c0a, 0x9d4f, 0xc6f5, 0xcf56, 0xae73, 0x7d0d, 
    0x5be9, 0x53c8, 0x53e8, 0x5c29, 0x5c29, 0x53e7, 0x4c07, 0x5448, 0x5c08, 0x5be8, 0x53a8, 0x5bc8, 
    0x7c6c, 0xb5f2, 0xf7db, 0xffbb, 0xf77a, 0xf77a, 0xf77a, 0xf77a, 0xf77a, 0xf77a, 0xf77a, 0xf77a, 
    0xf77a, 0xf77a, 0xf77a, 0xf77a, 0xf77a, 0xf77a, 0xf77a, 0xf77a, 0xf77a, 0xf77a, 0xf77a, 0xf77a, 
    0xf77a, 0xf77a, 0xf77a, 0xf77a, 0xf77a, 0xf77a, 0xf77a, 0xf77a, 0xf77a, 0xf77a, 0xf77a, 0xf77a, 
    0xf77a, 0xf77a, 0xf77a, 0xf77a, 0xf77a, 0xf77a, 0xf77a, 0xf77a, 
    0xf77a, 0xf77a, 0xf77a, 0xf77a, 0xf77a, 0xf77a, 0xf77a, 0xf77a, 0xf77a, 0xf77a, 0xf77a, 0xf77a, 
    0xf77a, 0xf77a, 0xf77a, 0xf77a, 0xf77a, 0xf77a, 0xf77a, 0xf77a, 0xf77a, 0xf77a, 0xf77a, 0xf77a, 
    0xf77a, 0xf77a, 0xf77a, 0xf77a, 0xf77a, 0xf77a, 0xf77a, 0xf77a, 0xff7a, 0xff7a, 0xf77a, 0xf79a, 
    0xf79a, 0xf79a, 0xf79a, 0xf79a, 0xf77b, 0xff7b, 0xff7a, 0xff7a, 0xff9a, 0xf7b9, 0xef98, 0xdf56, 
    0xcef2, 0xb62f, 0x954b, 0x7ca9, 0x7488, 0x7488, 0x74a9, 0x7caa, 0x7469, 0x8d0d, 0xbe53, 0xef59, 
    0xf77a, 0xff5b, 0xcdd5, 0x6aa9, 0x5204, 0x83aa, 0xef17, 0xffda, 0xefb9, 0xe799, 0xe7fa, 0xdfb9, 
    0xb653, 0x84ce, 0x5b88, 0x5367, 0x5bc8, 0x5be8, 0x5bc8, 0x53c8, 0x63e9, 0x5ba8, 0x5b88, 0x7c6c, 
    0xa591, 0xd6f7, 0xf7ba, 0xf77a, 0xf77a, 0xf77a, 0xf77a, 0xf77a, 0xf77a, 0xf77a, 0xf77a, 0xf77a, 
    0xf77a, 0xf77a, 0xf77a, 0xf77a, 0xf77a, 0xf77a, 0xf77a, 0xf77a, 0xf77a, 0xf77a, 0xf77a, 0xf77a, 
    0xf77a, 0xf77a, 0xf77a, 0xf77a, 0xf77a, 0xf77a, 0xf77a, 0xf77a, 0xf77a, 0xf77a, 0xf77a, 0xf77a, 
    0xf77a, 0xf77a, 0xf77a, 0xf77a, 0xf77a, 0xf77a, 0xf77a, 0xf77a, 
    0xf77a, 0xf77a, 0xf77a, 0xf77a, 0xf77a, 0xf77a, 0xf77a, 0xf77a, 0xf77a, 0xf77a, 0xf77a, 0xf77a, 
    0xf77a, 0xf77a, 0xf77a, 0xf77a, 0xf77a, 0xf77a, 0xf77a, 0xf77a, 0xf77a, 0xf77a, 0xf77a, 0xf77a, 
    0xf77a, 0xf77a, 0xf77a, 0xf77a, 0xf77a, 0xf77a, 0xf77a, 0xf77a, 0xff5b, 0xff7a, 0xf77a, 0xf79a, 
    0xf799, 0xef99, 0xf799, 0xf79a, 0xf77a, 0xff7b, 0xff7b, 0xf75a, 0xf75a, 0xff9a, 0xffba, 0xffb9, 
    0xffd9, 0xe756, 0xc672, 0xa58f, 0x8cec, 0x84ab, 0x84cb, 0x8cec, 0xadf0, 0xced5, 0xef99, 0xffba, 
    0xff7a, 0xff9c, 0xddf6, 0x6a48, 0x72a7, 0x9bec, 0xff59, 0xff9a, 0xf79a, 0xef9a, 0xf7da, 0xe759, 
    0xefba, 0xdef7, 0xbe14, 0x9d0f, 0x846c, 0x7c4c, 0x952f, 0xae12, 0xbe33, 0xb612, 0xbe33, 0xdf17, 
    0xe779, 0xfffb, 0xffdb, 0xf79a, 0xf77a, 0xf77a, 0xf77a, 0xf77a, 0xf77a, 0xff7a, 0xff7a, 0xff7a, 
    0xf77a, 0xf77a, 0xf77a, 0xf77a, 0xf77a, 0xf77a, 0xf77a, 0xf77a, 0xf77a, 0xf77a, 0xf77a, 0xf77a, 
    0xf77a, 0xf77a, 0xf77a, 0xf77a, 0xf77a, 0xf77a, 0xf77a, 0xf77a, 0xf77a, 0xf77a, 0xf77a, 0xf77a, 
    0xf77a, 0xf77a, 0xf77a, 0xf77a, 0xf77a, 0xf77a, 0xf77a, 0xf77a, 
    0xf77a, 0xf77a, 0xf77a, 0xf77a, 0xf77a, 0xf77a, 0xf77a, 0xf77a, 0xf77a, 0xf77a, 0xf77a, 0xf77a, 
    0xf77a, 0xf77a, 0xf77a, 0xf77a, 0xf77a, 0xf77a, 0xf77a, 0xf77a, 0xf77a, 0xf77a, 0xf77a, 0xf77a, 
    0xf77a, 0xf77a, 0xf77a, 0xf77a, 0xf77a, 0xf77a, 0xf77a, 0xf77a, 0xff5b, 0xff7a, 0xf77a, 0xf79a, 
    0xefb9, 0xefb9, 0xefb9, 0xf79a, 0xef59, 0xf77a, 0xff7b, 0xff7b, 0xff5a, 0xff5a, 0xf759, 0xf739, 
    0xff9a, 0xffba, 0xffba, 0xef79, 0xdf37, 0xdf36, 0xdf36, 0xe777, 0xefb8, 0xf7d9, 0xffb9, 0xff79, 
    0xff5a, 0xffbc, 0xe615, 0x6a06, 0x7226, 0x938b, 0xff39, 0xff5a, 0xff5a, 0xef59, 0xffbb, 0xffbb, 
    0xff9b, 0xf77b, 0xf77a, 0xf77a, 0xf79a, 0xf79a, 0xf799, 0xef99, 0xf799, 0xf7ba, 0xf7ba, 0xfffb, 
    0xf79a, 0xffdb, 0xef59, 0xef39, 0xf77a, 0xf77a, 0xf77a, 0xf77a, 0xff7a, 0xff7a, 0xff7a, 0xff7a, 
    0xf77a, 0xf77a, 0xf77a, 0xf77a, 0xf77a, 0xf77a, 0xf77a, 0xf77a, 0xf77a, 0xf77a, 0xf77a, 0xf77a, 
    0xf77a, 0xf77a, 0xf77a, 0xf77a, 0xf77a, 0xf77a, 0xf77a, 0xf77a, 0xf77a, 0xf77a, 0xf77a, 0xf77a, 
    0xf77a, 0xf77a, 0xf77a, 0xf77a, 0xf77a, 0xf77a, 0xf77a, 0xf77a, 
    0xf77a, 0xf77a, 0xf77a, 0xf77a, 0xf77a, 0xf77a, 0xf77a, 0xf77a, 0xf77a, 0xf77a, 0xf77a, 0xf77a, 
    0xf77a, 0xf77a, 0xf77a, 0xf77a, 0xf77a, 0xf77a, 0xf77a, 0xf77a, 0xf77a, 0xf77a, 0xf77a, 0xf77a, 
    0xf77a, 0xf77a, 0xf77a, 0xf77a, 0xf77a, 0xf77a, 0xf77a, 0xf77a, 0xff5b, 0xff7b, 0xf77a, 0xf79a, 
    0xefb9, 0xefb9, 0xefb9, 0xef99, 0xffba, 0xf79a, 0xff5a, 0xff5a, 0xff5b, 0xff7b, 0xff7b, 0xff7a, 
    0xf73b, 0xff5b, 0xf77b, 0xf79b, 0xf79a, 0xefba, 0xefb9, 0xf7d9, 0xefb8, 0xef78, 0xf778, 0xff58, 
    0xff18, 0xff18, 0xddb3, 0x7a87, 0x69e5, 0x8b2a, 0xfed8, 0xff3a, 0xff7b, 0xf73a, 0xf75a, 0xff7b, 
    0xff5b, 0xff7b, 0xff7b, 0xff3a, 0xf73a, 0xf75a, 0xf77a, 0xf77a, 0xf79a, 0xffba, 0xf779, 0xf79a, 
    0xef39, 0xffdb, 0xf77a, 0xffbb, 0xf77a, 0xf77a, 0xf77a, 0xf77a, 0xff7a, 0xff7a, 0xff7a, 0xff5a, 
    0xf77a, 0xf77a, 0xf77a, 0xf77a, 0xf77a, 0xf77a, 0xf77a, 0xf77a, 0xf77a, 0xf77a, 0xf77a, 0xf77a, 
    0xf77a, 0xf77a, 0xf77a, 0xf77a, 0xf77a, 0xf77a, 0xf77a, 0xf77a, 0xf77a, 0xf77a, 0xf77a, 0xf77a, 
    0xf77a, 0xf77a, 0xf77a, 0xf77a, 0xf77a, 0xf77a, 0xf77a, 0xf77a, 
    0xf77a, 0xf77a, 0xf77a, 0xf77a, 0xf77a, 0xf77a, 0xf77a, 0xf77a, 0xf77a, 0xf77a, 0xf77a, 0xf77a, 
    0xf77a, 0xf77a, 0xf77a, 0xf77a, 0xf77a, 0xf77a, 0xf77a, 0xf77a, 0xf77a, 0xf77a, 0xf77a, 0xf77a, 
    0xf77a, 0xf77a, 0xf77a, 0xf77a, 0xf77a, 0xf77a, 0xf77a, 0xf77a, 0xf77a, 0xf77a, 0xf77a, 0xf77a, 
    0xf77a, 0xf77a, 0xf77a, 0xf77a, 0xf77a, 0xf77a, 0xf77a, 0xf77a, 0xf77a, 0xf79a, 0xf79a, 0xf79a, 
    0xf79b, 0xf7bb, 0xf79b, 0xf75a, 0xf75a, 0xff7b, 0xff5a, 0xf6f9, 0xff3a, 0xf6f9, 0xf719, 0xeed8, 
    0xe698, 0xff3a, 0xcdd5, 0x6267, 0x6a68, 0x832b, 0xe657, 0xf6d9, 0xeeb9, 0xeeb9, 0xeed9, 0xf71a, 
    0xeef9, 0xf73b, 0xff5b, 0xf75b, 0xff7b, 0xf77b, 0xf75b, 0xf77b, 0xf77a, 0xf77a, 0xf77a, 0xf77a, 
    0xf77a, 0xf77a, 0xf77a, 0xf77a, 0xf77a, 0xf77a, 0xf77a, 0xf77a, 0xf77a, 0xf77a, 0xf77a, 0xf77a, 
    0xf77a, 0xf77a, 0xf77a, 0xf77a, 0xf77a, 0xf77a, 0xf77a, 0xf77a, 0xf77a, 0xf77a, 0xf77a, 0xf77a, 
    0xf77a, 0xf77a, 0xf77a, 0xf77a, 0xf77a, 0xf77a, 0xf77a, 0xf77a, 0xf77a, 0xf77a, 0xf77a, 0xf77a, 
    0xf77a, 0xf77a, 0xf77a, 0xf77a, 0xf77a, 0xf77a, 0xf77a, 0xf77a, 
    0xf77a, 0xf77a, 0xf77a, 0xf77a, 0xf77a, 0xf77a, 0xf77a, 0xf77a, 0xf77a, 0xf77a, 0xf77a, 0xf77a, 
    0xf77a, 0xf77a, 0xf77a, 0xf77a, 0xf77a, 0xf77a, 0xf77a, 0xf77a, 0xf77a, 0xf77a, 0xf77a, 0xf77a, 
    0xf77a, 0xf77a, 0xf77a, 0xf77a, 0xf77a, 0xf77a, 0xf77a, 0xf77a, 0xf77a, 0xf77a, 0xf77a, 0xf77a, 
    0xf77a, 0xf77a, 0xf77a, 0xf77a, 0xf77a, 0xf77a, 0xf77a, 0xf77a, 0xf77a, 0xf79a, 0xf79a, 0xf79a, 
    0xef5a, 0xf77a, 0xf79b, 0xff9b, 0xf75a, 0xeed8, 0xeed8, 0xf719, 0xeeb7, 0xde36, 0xde36, 0xde16, 
    0xd5d5, 0xd615, 0xb511, 0x6ac8, 0x5a26, 0x72a8, 0xcd73, 0xde15, 0xddf5, 0xde16, 0xde36, 0xe657, 
    0xe698, 0xeef9, 0xeef9, 0xeef9, 0xef1a, 0xf73a, 0xf75b, 0xffbc, 0xf77a, 0xf77a, 0xf77a, 0xf77a, 
    0xf77a, 0xf77a, 0xf77a, 0xf77a, 0xf77a, 0xf77a, 0xf77a, 0xf77a, 0xf77a, 0xf77a, 0xf77a, 0xf77a, 
    0xf77a, 0xf77a, 0xf77a, 0xf77a, 0xf77a, 0xf77a, 0xf77a, 0xf77a, 0xf77a, 0xf77a, 0xf77a, 0xf77a, 
    0xf77a, 0xf77a, 0xf77a, 0xf77a, 0xf77a, 0xf77a, 0xf77a, 0xf77a, 0xf77a, 0xf77a, 0xf77a, 0xf77a, 
    0xf77a, 0xf77a, 0xf77a, 0xf77a, 0xf77a, 0xf77a, 0xf77a, 0xf77a, 
    0xf77a, 0xf77a, 0xf77a, 0xf77a, 0xf77a, 0xf77a, 0xf77a, 0xf77a, 0xf77a, 0xf77a, 0xf77a, 0xf77a, 
    0xf77a, 0xf77a, 0xf77a, 0xf77a, 0xf77a, 0xf77a, 0xf77a, 0xf77a, 0xf77a, 0xf77a, 0xf77a, 0xf77a, 
    0xf77a, 0xf77a, 0xf77a, 0xf77a, 0xf77a, 0xf77a, 0xf77a, 0xf77a, 0xf77a, 0xf77a, 0xf77a, 0xf77a, 
    0xf77a, 0xf77a, 0xf77a, 0xf77a, 0xf77a, 0xf77a, 0xf77a, 0xf77a, 0xf77a, 0xf79a, 0xf79a, 0xf79a, 
    0xf77a, 0xff9a, 0xf77a, 0xeef8, 0xe6b7, 0xe697, 0xde15, 0xcd93, 0xcdb3, 0xc552, 0xc532, 0xc552, 
    0xbcf1, 0xa46e, 0x8b8b, 0x6a87, 0x7287, 0x72a8, 0xac4e, 0xac6f, 0xac6f, 0xb4d0, 0xc532, 0xcd73, 
    0xd5d4, 0xd5f5, 0xd615, 0xde56, 0xeef9, 0xf73a, 0xf719, 0xf739, 0xf77a, 0xf77a, 0xf77a, 0xf77a, 
    0xf77a, 0xf77a, 0xf77a, 0xf77a, 0xf77a, 0xf77a, 0xf77a, 0xf77a, 0xf77a, 0xf77a, 0xf77a, 0xf77a, 
    0xf77a, 0xf77a, 0xf77a, 0xf77a, 0xf77a, 0xf77a, 0xf77a, 0xf77a, 0xf77a, 0xf77a, 0xf77a, 0xf77a, 
    0xf77a, 0xf77a, 0xf77a, 0xf77a, 0xf77a, 0xf77a, 0xf77a, 0xf77a, 0xf77a, 0xf77a, 0xf77a, 0xf77a, 
    0xf77a, 0xf77a, 0xf77a, 0xf77a, 0xf77a, 0xf77a, 0xf77a, 0xf77a, 
    0xf77a, 0xf77a, 0xf77a, 0xf77a, 0xf77a, 0xf77a, 0xf77a, 0xf77a, 0xf77a, 0xf77a, 0xf77a, 0xf77a, 
    0xf77a, 0xf77a, 0xf77a, 0xf77a, 0xf77a, 0xf77a, 0xf77a, 0xf77a, 0xf77a, 0xf77a, 0xf77a, 0xf77a, 
    0xf77a, 0xf77a, 0xf77a, 0xf77a, 0xf77a, 0xf77a, 0xf77a, 0xf77a, 0xf77a, 0xf77a, 0xf77a, 0xf77a, 
    0xf77a, 0xf77a, 0xf77a, 0xf77a, 0xf77a, 0xf77a, 0xf77a, 0xf77a, 0xf77a, 0xf79a, 0xf79a, 0xf79a, 
    0xff7a, 0xf77a, 0xef18, 0xe6b7, 0xde56, 0xd5f4, 0xbd10, 0xa42d, 0x93ab, 0x8b4a, 0x7ac8, 0x7ac8, 
    0x72a7, 0x6a45, 0x6205, 0x6a46, 0x6a45, 0x6204, 0x7aa7, 0x7286, 0x6a66, 0x72a8, 0x7b09, 0x834a, 
    0x93ec, 0xa46e, 0xb511, 0xcdb3, 0xe676, 0xeeb8, 0xf719, 0xff9b, 0xf77a, 0xf77a, 0xf77a, 0xf77a, 
    0xf77a, 0xf77a, 0xf77a, 0xf77a, 0xf77a, 0xf77a, 0xf77a, 0xf77a, 0xf77a, 0xf77a, 0xf77a, 0xf77a, 
    0xf77a, 0xf77a, 0xf77a, 0xf77a, 0xf77a, 0xf77a, 0xf77a, 0xf77a, 0xf77a, 0xf77a, 0xf77a, 0xf77a, 
    0xf77a, 0xf77a, 0xf77a, 0xf77a, 0xf77a, 0xf77a, 0xf77a, 0xf77a, 0xf77a, 0xf77a, 0xf77a, 0xf77a, 
    0xf77a, 0xf77a, 0xf77a, 0xf77a, 0xf77a, 0xf77a, 0xf77a, 0xf77a, 
    0xf77a, 0xf77a, 0xf77a, 0xf77a, 0xf77a, 0xf77a, 0xf77a, 0xf77a, 0xf77a, 0xf77a, 0xf77a, 0xf77a, 
    0xf77a, 0xf77a, 0xf77a, 0xf77a, 0xf77a, 0xf77a, 0xf77a, 0xf77a, 0xf77a, 0xf77a, 0xf77a, 0xf77a, 
    0xf77a, 0xf77a, 0xf77a, 0xf77a, 0xf77a, 0xf77a, 0xf77a, 0xf77a, 0xf77a, 0xf77a, 0xf77a, 0xf77a, 
    0xf77a, 0xf77a, 0xf77a, 0xf77a, 0xf77a, 0xf77a, 0xf77a, 0xf77a, 0xf77a, 0xf79a, 0xf79a, 0xf79a, 
    0xff9a, 0xeef8, 0xeed8, 0xf6f8, 0xd5d4, 0x93cc, 0x6a87, 0x6a66, 0x6225, 0x6a25, 0x6205, 0x6a25, 
    0x7266, 0x7266, 0x6a45, 0x7287, 0x7245, 0x6a25, 0x7266, 0x7266, 0x6a25, 0x6a46, 0x6a25, 0x6a45, 
    0x6245, 0x6246, 0x72c8, 0x9c0d, 0xd5d4, 0xeed8, 0xf719, 0xff39, 0xf77a, 0xf77a, 0xf77a, 0xf77a, 
    0xf77a, 0xf77a, 0xf77a, 0xf77a, 0xf77a, 0xf77a, 0xf77a, 0xf77a, 0xf77a, 0xf77a, 0xf77a, 0xf77a, 
    0xf77a, 0xf77a, 0xf77a, 0xf77a, 0xf77a, 0xf77a, 0xf77a, 0xf77a, 0xf77a, 0xf77a, 0xf77a, 0xf77a, 
    0xf77a, 0xf77a, 0xf77a, 0xf77a, 0xf77a, 0xf77a, 0xf77a, 0xf77a, 0xf77a, 0xf77a, 0xf77a, 0xf77a, 
    0xf77a, 0xf77a, 0xf77a, 0xf77a, 0xf77a, 0xf77a, 0xf77a, 0xf77a, 
    0xf77a, 0xf77a, 0xf77a, 0xf77a, 0xf77a, 0xf77a, 0xf77a, 0xf77a, 0xf77a, 0xf77a, 0xf77a, 0xf77a, 
    0xf77a, 0xf77a, 0xf77a, 0xf77a, 0xf77a, 0xf77a, 0xf77a, 0xf77a, 0xf77a, 0xf77a, 0xf77a, 0xf77a, 
    0xf77a, 0xf77a, 0xf77a, 0xf77a, 0xf77a, 0xf77a, 0xf77a, 0xf77a, 0xf77a, 0xf77a, 0xf77a, 0xf77a, 
    0xf77a, 0xf77a, 0xf77a, 0xf77a, 0xf77a, 0xf77a, 0xf77a, 0xf77a, 0xf77a, 0xf79a, 0xf79a, 0xf79a, 
    0xff9a, 0xf718, 0xeed8, 0xf719, 0xde35, 0xa44e, 0x72c8, 0x6a46, 0x6a46, 0x7266, 0x7266, 0x7266, 
    0x7286, 0x7266, 0x6a25, 0x6204, 0x6a24, 0x7225, 0x6a04, 0x7245, 0x6a25, 0x7266, 0x6a45, 0x6a66, 
    0x6a66, 0x6246, 0x72c8, 0xa46e, 0xe676, 0xff39, 0xf6f8, 0xeeb7, 0xf77a, 0xf77a, 0xf77a, 0xf77a, 
    0xf77a, 0xf77a, 0xf77a, 0xf77a, 0xf77a, 0xf77a, 0xf77a, 0xf77a, 0xf77a, 0xf77a, 0xf77a, 0xf77a, 
    0xf77a, 0xf77a, 0xf77a, 0xf77a, 0xf77a, 0xf77a, 0xf77a, 0xf77a, 0xf77a, 0xf77a, 0xf77a, 0xf77a, 
    0xf77a, 0xf77a, 0xf77a, 0xf77a, 0xf77a, 0xf77a, 0xf77a, 0xf77a, 0xf77a, 0xf77a, 0xf77a, 0xf77a, 
    0xf77a, 0xf77a, 0xf77a, 0xf77a, 0xf77a, 0xf77a, 0xf77a, 0xf77a, 
    0xf77a, 0xf77a, 0xf77a, 0xf77a, 0xf77a, 0xf77a, 0xf77a, 0xf77a, 0xf77a, 0xf77a, 0xf77a, 0xf77a, 
    0xf77a, 0xf77a, 0xf77a, 0xf77a, 0xf77a, 0xf77a, 0xf77a, 0xf77a, 0xf77a, 0xf77a, 0xf77a, 0xf77a, 
    0xf77a, 0xf77a, 0xf77a, 0xf77a, 0xf77a, 0xf77a, 0xf77a, 0xf77a, 0xf77a, 0xf77a, 0xf77a, 0xf77a, 
    0xf77a, 0xf77a, 0xf77a, 0xf77a, 0xf77a, 0xf77a, 0xf77a, 0xf77a, 0xf77a, 0xf79a, 0xf79a, 0xf79a, 
    0xf739, 0xf719, 0xeef8, 0xeef8, 0xf719, 0xf6f9, 0xde15, 0xbd12, 0xa42e, 0x9bcc, 0x832a, 0x7287, 
    0x6a46, 0x7266, 0x7286, 0x7286, 0x7266, 0x7aa6, 0x6a25, 0x7286, 0x7266, 0x82e8, 0x8329, 0x8b8b, 
    0xa44e, 0xbd31, 0xde35, 0xf6d8, 0xf719, 0xeed8, 0xeef9, 0xff9b, 0xf77a, 0xf77a, 0xf77a, 0xf77a, 
    0xf77a, 0xf77a, 0xf77a, 0xf77a, 0xf77a, 0xf77a, 0xf77a, 0xf77a, 0xf77a, 0xf77a, 0xf77a, 0xf77a, 
    0xf77a, 0xf77a, 0xf77a, 0xf77a, 0xf77a, 0xf77a, 0xf77a, 0xf77a, 0xf77a, 0xf77a, 0xf77a, 0xf77a, 
    0xf77a, 0xf77a, 0xf77a, 0xf77a, 0xf77a, 0xf77a, 0xf77a, 0xf77a, 0xf77a, 0xf77a, 0xf77a, 0xf77a, 
    0xf77a, 0xf77a, 0xf77a, 0xf77a, 0xf77a, 0xf77a, 0xf77a, 0xf77a, 
    0xf77a, 0xf77a, 0xf77a, 0xf77a, 0xf77a, 0xf77a, 0xf77a, 0xf77a, 0xf77a, 0xf77a, 0xf77a, 0xf77a, 
    0xf77a, 0xf77a, 0xf77a, 0xf77a, 0xf77a, 0xf77a, 0xf77a, 0xf77a, 0xf77a, 0xf77a, 0xf77a, 0xf77a, 
    0xf77a, 0xf77a, 0xf77a, 0xf77a, 0xf77a, 0xf77a, 0xf77a, 0xf77a, 0xf77a, 0xf77a, 0xf77a, 0xf77a, 
    0xf77a, 0xf77a, 0xf77a, 0xf77a, 0xf77a, 0xf77a, 0xf77a, 0xf77a, 0xf77a, 0xf79a, 0xf79a, 0xf79a, 
    0xf75b, 0xef1a, 0xeed9, 0xeed9, 0xeed9, 0xf6f9, 0xf6f9, 0xf6f9, 0xf6f9, 0xee98, 0xee98, 0xee77, 
    0xe615, 0xddd4, 0xd5b4, 0xcd72, 0xc531, 0xd5b3, 0xcd52, 0xddd4, 0xddd4, 0xe656, 0xe656, 0xf6d8, 
    0xf6f9, 0xf6f9, 0xeed9, 0xeef9, 0xf71a, 0xeed9, 0xe6d9, 0xf73a, 0xf77a, 0xf77a, 0xf77a, 0xf77a, 
    0xf77a, 0xf77a, 0xf77a, 0xf77a, 0xf77a, 0xf77a, 0xf77a, 0xf77a, 0xf77a, 0xf77a, 0xf77a, 0xf77a, 
    0xf77a, 0xf77a, 0xf77a, 0xf77a, 0xf77a, 0xf77a, 0xf77a, 0xf77a, 0xf77a, 0xf77a, 0xf77a, 0xf77a, 
    0xf77a, 0xf77a, 0xf77a, 0xf77a, 0xf77a, 0xf77a, 0xf77a, 0xf77a, 0xf77a, 0xf77a, 0xf77a, 0xf77a, 
    0xf77a, 0xf77a, 0xf77a, 0xf77a, 0xf77a, 0xf77a, 0xf77a, 0xf77a, 
    0xf77a, 0xf77a, 0xf77a, 0xf77a, 0xf77a, 0xf77a, 0xf77a, 0xf77a, 0xf77a, 0xf77a, 0xf77a, 0xf77a, 
    0xf77a, 0xf77a, 0xf77a, 0xf77a, 0xf77a, 0xf77a, 0xf77a, 0xf77a, 0xf77a, 0xf77a, 0xf77a, 0xf77a, 
    0xf77a, 0xf77a, 0xf77a, 0xf77a, 0xf77a, 0xf77a, 0xf77a, 0xf77a, 0xf77a, 0xf77a, 0xf77a, 0xf77a, 
    0xf77a, 0xf77a, 0xf77a, 0xf77a, 0xf77a, 0xf77a, 0xf77a, 0xf77a, 0xf77a, 0xf77a, 0xf77a, 0xf77a, 
    0xf75b, 0xe6fa, 0xf77c, 0xe6b9, 0xeefa, 0xef1b, 0xeeda, 0xe6b9, 0xeeda, 0xf71b, 0xe698, 0xf6d9, 
    0xff1a, 0xf6b8, 0xfef9, 0xf6d9, 0xf6d8, 0xfef9, 0xee97, 0xf6f9, 0xf719, 0xff3a, 0xe6b8, 0xf71a, 
    0xeefa, 0xeef9, 0xef1a, 0xef1a, 0xe6d9, 0xe6da, 0xef3b, 0xe6fa, 0xf77a, 0xf77a, 0xf77a, 0xf77a, 
    0xf77a, 0xf77a, 0xf77a, 0xf77a, 0xf77a, 0xf77a, 0xf77a, 0xf77a, 0xf77a, 0xf77a, 0xf77a, 0xf77a, 
    0xf77a, 0xf77a, 0xf77a, 0xf77a, 0xf77a, 0xf77a, 0xf77a, 0xf77a, 0xf77a, 0xf77a, 0xf77a, 0xf77a, 
    0xf77a, 0xf77a, 0xf77a, 0xf77a, 0xf77a, 0xf77a, 0xf77a, 0xf77a, 0xf77a, 0xf77a, 0xf77a, 0xf77a, 
    0xf77a, 0xf77a, 0xf77a, 0xf77a, 0xf77a, 0xf77a, 0xf77a, 0xf77a, 
    0xf77a, 0xf77a, 0xf77a, 0xf77a, 0xf77a, 0xf77a, 0xf77a, 0xf77a, 0xf77a, 0xf77a, 0xf77a, 0xf77a, 
    0xf77a, 0xf77a, 0xf77a, 0xf77a, 0xf77a, 0xf77a, 0xf77a, 0xf77a, 0xf77a, 0xf77a, 0xf77a, 0xf77a, 
    0xf77a, 0xf77a, 0xf77a, 0xf77a, 0xf77a, 0xf77a, 0xf77a, 0xf77a, 0xf77a, 0xf77a, 0xf77a, 0xf77a, 
    0xf77a, 0xf77a, 0xf77a, 0xf77a, 0xf77a, 0xf77a, 0xf77a, 0xf77a, 0xf77a, 0xf77a, 0xf77a, 0xf77a, 
    0xef3b, 0xc5f6, 0xd698, 0xe6da, 0xef1b, 0xe6db, 0xef1b, 0xf75c, 0xe6da, 0xe6ba, 0xeefb, 0xef1b, 
    0xf71b, 0xf71a, 0xeed9, 0xeefa, 0xeed9, 0xf71a, 0xeefa, 0xf73a, 0xe6b9, 0xef1a, 0xeeda, 0xe6d9, 
    0xf75c, 0xdeb9, 0xdeb9, 0xdeda, 0xef3c, 0xef5c, 0xce78, 0xd678, 0xf77a, 0xf77a, 0xf77a, 0xf77a, 
    0xf77a, 0xf77a, 0xf77a, 0xf77a, 0xf77a, 0xf77a, 0xf77a, 0xf77a, 0xf77a, 0xf77a, 0xf77a, 0xf77a, 
    0xf77a, 0xf77a, 0xf77a, 0xf77a, 0xf77a, 0xf77a, 0xf77a, 0xf77a, 0xf77a, 0xf77a, 0xf77a, 0xf77a, 
    0xf77a, 0xf77a, 0xf77a, 0xf77a, 0xf77a, 0xf77a, 0xf77a, 0xf77a, 0xf77a, 0xf77a, 0xf77a, 0xf77a, 
    0xf77a, 0xf77a, 0xf77a, 0xf77a, 0xf77a, 0xf77a, 0xf77a, 0xf77a, 
    0xf77a, 0xf77a, 0xf77a, 0xf77a, 0xf77a, 0xf77a, 0xf77a, 0xf77a, 0xf77a, 0xf77a, 0xf77a, 0xf77a, 
    0xf77a, 0xf77a, 0xf77a, 0xf77a, 0xf77a, 0xf77a, 0xf77a, 0xf77a, 0xf77a, 0xf77a, 0xf77a, 0xf77a, 
    0xf77a, 0xf77a, 0xf77a, 0xf77a, 0xf77a, 0xf77a, 0xf77a, 0xf77a, 0xf77a, 0xf77a, 0xf77a, 0xf77a, 
    0xf77a, 0xf77a, 0xf77a, 0xf77a, 0xf77a, 0xf77a, 0xf77a, 0xf77a, 0xf77a, 0xf77a, 0xf77a, 0xf77a, 
    0xe6fa, 0x9cb1, 0x9491, 0xad54, 0xc618, 0xce59, 0xdebb, 0xdebb, 0xef5d, 0xdebb, 0xef3c, 0xe6fb, 
    0xdeba, 0xef1b, 0xe6ba, 0xef1b, 0xef5c, 0xe71b, 0xe6fa, 0xef1b, 0xde99, 0xe6fb, 0xef3c, 0xef1b, 
    0xdeda, 0xe6fb, 0xf7be, 0xd6ba, 0xbdd6, 0xa513, 0x83ef, 0xa513, 0xf77a, 0xf77a, 0xf77a, 0xf77a, 
    0xf77a, 0xf77a, 0xf77a, 0xf77a, 0xf77a, 0xf77a, 0xf77a, 0xf77a, 0xf77a, 0xf77a, 0xf77a, 0xf77a, 
    0xf77a, 0xf77a, 0xf77a, 0xf77a, 0xf77a, 0xf77a, 0xf77a, 0xf77a, 0xf77a, 0xf77a, 0xf77a, 0xf77a, 
    0xf77a, 0xf77a, 0xf77a, 0xf77a, 0xf77a, 0xf77a, 0xf77a, 0xf77a, 0xf77a, 0xf77a, 0xf77a, 0xf77a, 
    0xf77a, 0xf77a, 0xf77a, 0xf77a, 0xf77a, 0xf77a, 0xf77a, 0xf77a, 
    0xf77a, 0xf77a, 0xf77a, 0xf77a, 0xf77a, 0xf77a, 0xf77a, 0xf77a, 0xf77a, 0xf77a, 0xf77a, 0xf77a, 
    0xf77a, 0xf77a, 0xf77a, 0xf77a, 0xf77a, 0xf77a, 0xf77a, 0xf77a, 0xf77a, 0xf77a, 0xf77a, 0xf77a, 
    0xf77a, 0xf77a, 0xf77a, 0xf77a, 0xf77a, 0xf77a, 0xf77a, 0xf77a, 0xf77a, 0xf77a, 0xf77a, 0xf77a, 
    0xf77a, 0xf77a, 0xf77a, 0xf77a, 0xf77a, 0xf77a, 0xf77a, 0xf77a, 0xf77a, 0xf77a, 0xf77a, 0xf77a, 
    0xf79d, 0xce58, 0xb575, 0x8c71, 0x8c51, 0x8c71, 0xad55, 0xb5b7, 0xbe18, 0xbdd8, 0xd69b, 0xdedb, 
    0xdeba, 0xe71b, 0xe71b, 0xe71b, 0xe71c, 0xdeda, 0xdedb, 0xe73c, 0xe73c, 0xdeda, 0xce79, 0xce59, 
    0xc638, 0xb595, 0xa534, 0x8c51, 0x8430, 0x9cd3, 0xb5b6, 0xe71b, 0xf77a, 0xf77a, 0xf77a, 0xf77a, 
    0xf77a, 0xf77a, 0xf77a, 0xf77a, 0xf77a, 0xf77a, 0xf77a, 0xf77a, 0xf77a, 0xf77a, 0xf77a, 0xf77a, 
    0xf77a, 0xf77a, 0xf77a, 0xf77a, 0xf77a, 0xf77a, 0xf77a, 0xf77a, 0xf77a, 0xf77a, 0xf77a, 0xf77a, 
    0xf77a, 0xf77a, 0xf77a, 0xf77a, 0xf77a, 0xf77a, 0xf77a, 0xf77a, 0xf77a, 0xf77a, 0xf77a, 0xf77a, 
    0xf77a, 0xf77a, 0xf77a, 0xf77a, 0xf77a, 0xf77a, 0xf77a, 0xf77a, 
    0xf77a, 0xf77a, 0xf77a, 0xf77a, 0xf77a, 0xf77a, 0xf77a, 0xf77a, 0xf77a, 0xf77a, 0xf77a, 0xf77a, 
    0xf77a, 0xf77a, 0xf77a, 0xf77a, 0xf77a, 0xf77a, 0xf77a, 0xf77a, 0xf77a, 0xf77a, 0xf77a, 0xf77a, 
    0xf77a, 0xf77a, 0xf77a, 0xf77a, 0xf77a, 0xf77a, 0xf77a, 0xf77a, 0xf77a, 0xf77a, 0xf77a, 0xf77a, 
    0xf77a, 0xf77a, 0xf77a, 0xf77a, 0xf77a, 0xf77a, 0xf77a, 0xf77a, 0xf77a, 0xf77a, 0xf77a, 0xf77a, 
    0xe6fa, 0xef5c, 0xe71b, 0xce58, 0xd699, 0xad76, 0x8c72, 0x73cf, 0x7c11, 0x8c72, 0x8c72, 0x9492, 
    0x9492, 0x94b2, 0xa534, 0x9cf3, 0x9cf3, 0xa534, 0x9cf3, 0x94b2, 0x9cf3, 0x94b2, 0x8c51, 0x9492, 
    0x8c51, 0x7bcf, 0x8430, 0xbdf7, 0xce79, 0xce79, 0xe71c, 0xe71b, 0xf77a, 0xf77a, 0xf77a, 0xf77a, 
    0xf77a, 0xf77a, 0xf77a, 0xf77a, 0xf77a, 0xf77a, 0xf77a, 0xf77a, 0xf77a, 0xf77a, 0xf77a, 0xf77a, 
    0xf77a, 0xf77a, 0xf77a, 0xf77a, 0xf77a, 0xf77a, 0xf77a, 0xf77a, 0xf77a, 0xf77a, 0xf77a, 0xf77a, 
    0xf77a, 0xf77a, 0xf77a, 0xf77a, 0xf77a, 0xf77a, 0xf77a, 0xf77a, 0xf77a, 0xf77a, 0xf77a, 0xf77a, 
    0xf77a, 0xf77a, 0xf77a, 0xf77a, 0xf77a, 0xf77a, 0xf77a, 0xf77a, 
    0xf77a, 0xf77a, 0xf77a, 0xf77a, 0xf77a, 0xf77a, 0xf77a, 0xf77a, 0xf77a, 0xf77a, 0xf77a, 0xf77a, 
    0xf77a, 0xf77a, 0xf77a, 0xf77a, 0xf77a, 0xf77a, 0xf77a, 0xf77a, 0xf77a, 0xf77a, 0xf77a, 0xf77a, 
    0xf77a, 0xf77a, 0xf77a, 0xf77a, 0xf77a, 0xf77a, 0xf77a, 0xf77a, 0xf77a, 0xf77a, 0xf77a, 0xf77a, 
    0xf77a, 0xf77a, 0xf77a, 0xf77a, 0xf77a, 0xf77a, 0xf77a, 0xf77a, 0xf77a, 0xf77a, 0xf77a, 0xf77a, 
    0xffbd, 0xe71a, 0xc5f6, 0xbdf6, 0xe73c, 0xce79, 0xad76, 0x8c92, 0x9d15, 0xbe18, 0xad76, 0xa535, 
    0xa534, 0x9cf3, 0x9d13, 0x8c50, 0x7c30, 0x9d14, 0xa575, 0x94d3, 0x9d14, 0xa555, 0xb5b7, 0xbe18, 
    0x9cd3, 0x9cd3, 0xa514, 0xdeda, 0xd6ba, 0xb596, 0xd6ba, 0xe6fb, 0xf77a, 0xf77a, 0xf77a, 0xf77a, 
    0xf77a, 0xf77a, 0xf77a, 0xf77a, 0xf77a, 0xf77a, 0xf77a, 0xf77a, 0xf77a, 0xf77a, 0xf77a, 0xf77a, 
    0xf77a, 0xf77a, 0xf77a, 0xf77a, 0xf77a, 0xf77a, 0xf77a, 0xf77a, 0xf77a, 0xf77a, 0xf77a, 0xf77a, 
    0xf77a, 0xf77a, 0xf77a, 0xf77a, 0xf77a, 0xf77a, 0xf77a, 0xf77a, 0xf77a, 0xf77a, 0xf77a, 0xf77a, 
    0xf77a, 0xf77a, 0xf77a, 0xf77a, 0xf77a, 0xf77a, 0xf77a, 0xf77a, 
    0xf77a, 0xf77a, 0xf77a, 0xf77a, 0xf77a, 0xf77a, 0xf77a, 0xf77a, 0xf77a, 0xf77a, 0xf77a, 0xf77a, 
    0xf77a, 0xf77a, 0xf77a, 0xf77a, 0xf77a, 0xf77a, 0xf77a, 0xf77a, 0xf77a, 0xf77a, 0xf77a, 0xf77a, 
    0xf77a, 0xf77a, 0xf77a, 0xf77a, 0xf77a, 0xf77a, 0xf77a, 0xf77a, 0xf77a, 0xf77a, 0xf77a, 0xf77a, 
    0xf77a, 0xf77a, 0xf77a, 0xf77a, 0xf77a, 0xf77a, 0xf77a, 0xf77a, 0xf77a, 0xf77a, 0xf77a, 0xf77a, 
    0xf75b, 0xe6d9, 0xd698, 0xce58, 0xc5f7, 0xa534, 0xb5d7, 0xb597, 0x9d14, 0xd6bb, 0xdefc, 0xd6bb, 
    0xe73c, 0xdefb, 0xb5d6, 0x9cf3, 0x8cb3, 0x9d14, 0xce9a, 0xdf1c, 0xdefc, 0xceba, 0xdf1c, 0xce9a, 
    0xa534, 0xbdf7, 0xad54, 0xad75, 0xc617, 0xc617, 0xdeda, 0xf77d, 0xf77a, 0xf77a, 0xf77a, 0xf77a, 
    0xf77a, 0xf77a, 0xf77a, 0xf77a, 0xf77a, 0xf77a, 0xf77a, 0xf77a, 0xf77a, 0xf77a, 0xf77a, 0xf77a, 
    0xf77a, 0xf77a, 0xf77a, 0xf77a, 0xf77a, 0xf77a, 0xf77a, 0xf77a, 0xf77a, 0xf77a, 0xf77a, 0xf77a, 
    0xf77a, 0xf77a, 0xf77a, 0xf77a, 0xf77a, 0xf77a, 0xf77a, 0xf77a, 0xf77a, 0xf77a, 0xf77a, 0xf77a, 
    0xf77a, 0xf77a, 0xf77a, 0xf77a, 0xf77a, 0xf77a, 0xf77a, 0xf77a, 
    0xf77a, 0xf77a, 0xf77a, 0xf77a, 0xf77a, 0xf77a, 0xf77a, 0xf77a, 0xf77a, 0xf77a, 0xf77a, 0xf77a, 
    0xf77a, 0xf77a, 0xf77a, 0xf77a, 0xf77a, 0xf77a, 0xf77a, 0xf77a, 0xf77a, 0xf77a, 0xf77a, 0xf77a, 
    0xf77a, 0xf77a, 0xf77a, 0xf77a, 0xf77a, 0xf77a, 0xf77a, 0xf77a, 0xf77a, 0xf77a, 0xf77a, 0xf77a, 
    0xf77a, 0xf77a, 0xf77a, 0xf77a, 0xf77a, 0xf77a, 0xf77a, 0xf77a, 0xf77a, 0xf77a, 0xf77a, 0xf77a, 
    0xff7b, 0xef1a, 0xef3b, 0xdeb9, 0xad54, 0xa4f3, 0xdefb, 0xd6db, 0x9d14, 0xc67a, 0xce7a, 0xa555, 
    0xbe18, 0xd6ba, 0xad75, 0xa534, 0xceba, 0x94f3, 0xb618, 0xd6fc, 0xbe39, 0xad76, 0xc659, 0xb5b6, 
    0xa534, 0xf79d, 0xdeba, 0x9cb2, 0xb595, 0xdeba, 0xdeba, 0xef5c, 0xf77a, 0xf77a, 0xf77a, 0xf77a, 
    0xf77a, 0xf77a, 0xf77a, 0xf77a, 0xf77a, 0xf77a, 0xf77a, 0xf77a, 0xf77a, 0xf77a, 0xf77a, 0xf77a, 
    0xf77a, 0xf77a, 0xf77a, 0xf77a, 0xf77a, 0xf77a, 0xf77a, 0xf77a, 0xf77a, 0xf77a, 0xf77a, 0xf77a, 
    0xf77a, 0xf77a, 0xf77a, 0xf77a, 0xf77a, 0xf77a, 0xf77a, 0xf77a, 0xf77a, 0xf77a, 0xf77a, 0xf77a, 
    0xf77a, 0xf77a, 0xf77a, 0xf77a, 0xf77a, 0xf77a, 0xf77a, 0xf77a, 
    0xf77a, 0xf77a, 0xf77a, 0xf77a, 0xf77a, 0xf77a, 0xf77a, 0xf77a, 0xf77a, 0xf77a, 0xf77a, 0xf77a, 
    0xf77a, 0xf77a, 0xf77a, 0xf77a, 0xf77a, 0xf77a, 0xf77a, 0xf77a, 0xf77a, 0xf77a, 0xf77a, 0xf77a, 
    0xf77a, 0xf77a, 0xf77a, 0xf77a, 0xf77a, 0xf77a, 0xf77a, 0xf77a, 0xf77a, 0xf77a, 0xf77a, 0xf77a, 
    0xf77a, 0xf77a, 0xf77a, 0xf77a, 0xf77a, 0xf77a, 0xf77a, 0xf77a, 0xf77a, 0xf77a, 0xf77a, 0xf77a, 
    0xef7c, 0xef5c, 0xdeda, 0xa514, 0xad76, 0xd6bb, 0xc619, 0xd6bc, 0xbdd8, 0xa535, 0xd69b, 0xce7a, 
    0xe73d, 0xa575, 0x94d2, 0xdf3c, 0xe71b, 0xdeba, 0x9cd2, 0xbdb7, 0xef3d, 0xce3a, 0xd69b, 0x9453, 
    0xd67b, 0xc5f9, 0xd67b, 0xce5a, 0xad15, 0xad55, 0xdebb, 0xef3c, 0xf79a, 0xf79a, 0xf79a, 0xf77a, 
    0xf77a, 0xf77a, 0xf77a, 0xf77a, 0xf77a, 0xf77a, 0xf77a, 0xf77a, 0xf77a, 0xf77a, 0xf77a, 0xf77a, 
    0xf77a, 0xf77a, 0xf77a, 0xf77a, 0xf77a, 0xf77a, 0xf77a, 0xf77a, 0xf77a, 0xf77a, 0xf77a, 0xf77a, 
    0xf77a, 0xf77a, 0xf77a, 0xf77a, 0xf77a, 0xf77a, 0xf77a, 0xf77a, 0xf77a, 0xf77a, 0xf77a, 0xf77a, 
    0xf77a, 0xf77a, 0xf77a, 0xf77a, 0xf77a, 0xf77a, 0xf77a, 0xf77a, 
    0xf77a, 0xf77a, 0xf77a, 0xf77a, 0xf77a, 0xf77a, 0xf77a, 0xf77a, 0xf77a, 0xf77a, 0xf77a, 0xf77a, 
    0xf77a, 0xf77a, 0xf77a, 0xf77a, 0xf77a, 0xf77a, 0xf77a, 0xf77a, 0xf77a, 0xf77a, 0xf77a, 0xf77a, 
    0xf77a, 0xf77a, 0xf77a, 0xf77a, 0xf77a, 0xf77a, 0xf77a, 0xf77a, 0xf77a, 0xf77a, 0xf77a, 0xf77a, 
    0xf77a, 0xf77a, 0xf77a, 0xf77a, 0xf77a, 0xf77a, 0xf77a, 0xf77a, 0xf77a, 0xf77a, 0xf77a, 0xf77a, 
    0xef7c, 0xbdf6, 0xa513, 0xa513, 0xd69a, 0xe73d, 0xbdd8, 0xbdb8, 0xef5e, 0x94b4, 0xb5b7, 0xdf1c, 
    0xad96, 0x9d14, 0xce79, 0xceba, 0xbdf6, 0xdefb, 0xce58, 0x9cd3, 0xc618, 0xe71d, 0xbdb8, 0xad36, 
    0xdebc, 0xbdd8, 0xc639, 0xef3d, 0xdebb, 0xa514, 0xa513, 0xd679, 0xf79a, 0xf79a, 0xf79a, 0xf77a, 
    0xf77a, 0xf77a, 0xf77a, 0xf77a, 0xf77a, 0xf77a, 0xf77a, 0xf77a, 0xf77a, 0xf77a, 0xf77a, 0xf77a, 
    0xf77a, 0xf77a, 0xf77a, 0xf77a, 0xf77a, 0xf77a, 0xf77a, 0xf77a, 0xf77a, 0xf77a, 0xf77a, 0xf77a, 
    0xf77a, 0xf77a, 0xf77a, 0xf77a, 0xf77a, 0xf77a, 0xf77a, 0xf77a, 0xf77a, 0xf77a, 0xf77a, 0xf77a, 
    0xf77a, 0xf77a, 0xf77a, 0xf77a, 0xf77a, 0xf77a, 0xf77a, 0xf77a, 
    0xf77a, 0xf77a, 0xf77a, 0xf77a, 0xf77a, 0xf77a, 0xf77a, 0xf77a, 0xf77a, 0xf77a, 0xf77a, 0xf77a, 
    0xf77a, 0xf77a, 0xf77a, 0xf77a, 0xf77a, 0xf77a, 0xf77a, 0xf77a, 0xf77a, 0xf77a, 0xf77a, 0xf77a, 
    0xf77a, 0xf77a, 0xf77a, 0xf77a, 0xf77a, 0xf77a, 0xf77a, 0xf77a, 0xf77a, 0xf77a, 0xf77a, 0xf77a, 
    0xf77a, 0xf77a, 0xf77a, 0xf77a, 0xf77a, 0xf77a, 0xf77a, 0xf77a, 0xf77a, 0xf77a, 0xf77a, 0xf77a, 
    0xffdd, 0xc616, 0x8c4f, 0x8c71, 0xbdd7, 0xce79, 0xd69a, 0xe73d, 0xe6fc, 0xc619, 0xa514, 0xc618, 
    0x9cd3, 0xbdf7, 0xef7d, 0xce99, 0xb595, 0xd6ba, 0xe73c, 0xb596, 0xa534, 0xc639, 0x9cd4, 0xce5a, 
    0xdebc, 0xd69b, 0xbdf8, 0xb5b7, 0xad55, 0x8410, 0x94d2, 0xe75c, 0xf79a, 0xf79a, 0xf79a, 0xf77a, 
    0xf77a, 0xf77a, 0xf77a, 0xf77a, 0xf77a, 0xf77a, 0xf77a, 0xf77a, 0xf77a, 0xf77a, 0xf77a, 0xf77a, 
    0xf77a, 0xf77a, 0xf77a, 0xf77a, 0xf77a, 0xf77a, 0xf77a, 0xf77a, 0xf77a, 0xf77a, 0xf77a, 0xf77a, 
    0xf77a, 0xf77a, 0xf77a, 0xf77a, 0xf77a, 0xf77a, 0xf77a, 0xf77a, 0xf77a, 0xf77a, 0xf77a, 0xf77a, 
    0xf77a, 0xf77a, 0xf77a, 0xf77a, 0xf77a, 0xf77a, 0xf77a, 0xf77a, 
    0xf77a, 0xf77a, 0xf77a, 0xf77a, 0xf77a, 0xf77a, 0xf77a, 0xf77a, 0xf77a, 0xf77a, 0xf77a, 0xf77a, 
    0xf77a, 0xf77a, 0xf77a, 0xf77a, 0xf77a, 0xf77a, 0xf77a, 0xf77a, 0xf77a, 0xf77a, 0xf77a, 0xf77a, 
    0xf77a, 0xf77a, 0xf77a, 0xf77a, 0xf77a, 0xf77a, 0xf77a, 0xf77a, 0xf77a, 0xf77a, 0xf77a, 0xf77a, 
    0xf77a, 0xf77a, 0xf77a, 0xf77a, 0xf77a, 0xf77a, 0xf77a, 0xf77a, 0xf77a, 0xf77a, 0xf77a, 0xf77a, 
    0xffbc, 0xef7b, 0xc5f6, 0xad33, 0x9cd2, 0x8c30, 0x9471, 0x9492, 0xa514, 0xc639, 0x8c72, 0x94b3, 
    0xa534, 0xd699, 0xe71b, 0xd6da, 0xdeda, 0xd6b9, 0xdefb, 0xd6ba, 0xa514, 0x9492, 0x9cd3, 0xbdd7, 
    0x9cd4, 0xa514, 0x8c72, 0x8430, 0xa534, 0xbdd6, 0xc657, 0xef5c, 0xf79a, 0xf79a, 0xf79a, 0xf77a, 
    0xf77a, 0xf77a, 0xf77a, 0xf77a, 0xf77a, 0xf77a, 0xf77a, 0xf77a, 0xf77a, 0xf77a, 0xf77a, 0xf77a, 
    0xf77a, 0xf77a, 0xf77a, 0xf77a, 0xf77a, 0xf77a, 0xf77a, 0xf77a, 0xf77a, 0xf77a, 0xf77a, 0xf77a, 
    0xf77a, 0xf77a, 0xf77a, 0xf77a, 0xf77a, 0xf77a, 0xf77a, 0xf77a, 0xf77a, 0xf77a, 0xf77a, 0xf77a, 
    0xf77a, 0xf77a, 0xf77a, 0xf77a, 0xf77a, 0xf77a, 0xf77a, 0xf77a, 
    0xf77a, 0xf77a, 0xf77a, 0xf77a, 0xf77a, 0xf77a, 0xf77a, 0xf77a, 0xf77a, 0xf77a, 0xf77a, 0xf77a, 
    0xf77a, 0xf77a, 0xf77a, 0xf77a, 0xf77a, 0xf77a, 0xf77a, 0xf77a, 0xf77a, 0xf77a, 0xf77a, 0xf77a, 
    0xf77a, 0xf77a, 0xf77a, 0xf77a, 0xf77a, 0xf77a, 0xf77a, 0xf77a, 0xf77a, 0xf77a, 0xf77a, 0xf77a, 
    0xf77a, 0xf77a, 0xf77a, 0xf77a, 0xf77a, 0xf77a, 0xf77a, 0xf77a, 0xf77a, 0xf77a, 0xf77a, 0xf77a, 
    0xe719, 0xffbc, 0xef3a, 0xe71a, 0xded9, 0xc617, 0xbdd6, 0xa514, 0x9cb2, 0x9492, 0x8410, 0x8c30, 
    0x8c71, 0x9491, 0x9491, 0x94b2, 0xa513, 0x94b1, 0x9491, 0x9491, 0x8c71, 0x7c10, 0x9cd3, 0x8c71, 
    0x9cf3, 0x9cf3, 0xad54, 0xc637, 0xdefa, 0xe73b, 0xe75b, 0xef9c, 0xf79a, 0xf79a, 0xf79a, 0xf77a, 
    0xf77a, 0xf77a, 0xf77a, 0xf77a, 0xf77a, 0xf77a, 0xf77a, 0xf77a, 0xf77a, 0xf77a, 0xf77a, 0xf77a, 
    0xf77a, 0xf77a, 0xf77a, 0xf77a, 0xf77a, 0xf77a, 0xf77a, 0xf77a, 0xf77a, 0xf77a, 0xf77a, 0xf77a, 
    0xf77a, 0xf77a, 0xf77a, 0xf77a, 0xf77a, 0xf77a, 0xf77a, 0xf77a, 0xf77a, 0xf77a, 0xf77a, 0xf77a, 
    0xf77a, 0xf77a, 0xf77a, 0xf77a, 0xf77a, 0xf77a, 0xf77a, 0xf77a, 
    0xf77a, 0xf77a, 0xf77a, 0xf77a, 0xf77a, 0xf77a, 0xf77a, 0xf77a, 0xf77a, 0xf77a, 0xf77a, 0xf77a, 
    0xf77a, 0xf77a, 0xf77a, 0xf77a, 0xf77a, 0xf77a, 0xf77a, 0xf77a, 0xf77a, 0xf77a, 0xf77a, 0xf77a, 
    0xf77a, 0xf77a, 0xf77a, 0xf77a, 0xf77a, 0xf77a, 0xf77a, 0xf77a, 0xf77a, 0xf77a, 0xf77a, 0xf77a, 
    0xf77a, 0xf77a, 0xf77a, 0xf77a, 0xf77a, 0xf77a, 0xf77a, 0xf77a, 0xf77a, 0xf77a, 0xf77a, 0xf77a, 
    0xffbb, 0xf79b, 0xe6f9, 0xef3a, 0xef1a, 0xded9, 0xe6fb, 0xde99, 0xde9a, 0xce18, 0xd679, 0xbdd6, 
    0xbdb6, 0xb554, 0xa513, 0xad34, 0xa513, 0xa553, 0xad74, 0x9cf3, 0xbdf7, 0xbdd6, 0xc617, 0xce99, 
    0xdeda, 0xdefa, 0xef7c, 0xf79c, 0xded9, 0xd6d8, 0xef7b, 0xf7dc, 0xf79a, 0xf79a, 0xf79a, 0xf77a, 
    0xf77a, 0xf77a, 0xf77a, 0xf77a, 0xf77a, 0xf77a, 0xf77a, 0xf77a, 0xf77a, 0xf77a, 0xf77a, 0xf77a, 
    0xf77a, 0xf77a, 0xf77a, 0xf77a, 0xf77a, 0xf77a, 0xf77a, 0xf77a, 0xf77a, 0xf77a, 0xf77a, 0xf77a, 
    0xf77a, 0xf77a, 0xf77a, 0xf77a, 0xf77a, 0xf77a, 0xf77a, 0xf77a, 0xf77a, 0xf77a, 0xf77a, 0xf77a, 
    0xf77a, 0xf77a, 0xf77a, 0xf77a, 0xf77a, 0xf77a, 0xf77a, 0xf77a, 
    0xf77a, 0xf77a, 0xf77a, 0xf77a, 0xf77a, 0xf77a, 0xf77a, 0xf77a, 0xf77a, 0xf77a, 0xf77a, 0xf77a, 
    0xf77a, 0xf77a, 0xf77a, 0xf77a, 0xf77a, 0xf77a, 0xf77a, 0xf77a, 0xf77a, 0xf77a, 0xf77a, 0xf77a, 
    0xf77a, 0xf77a, 0xf77a, 0xf77a, 0xf77a, 0xf77a, 0xf77a, 0xf77a, 0xf77a, 0xf77a, 0xf77a, 0xf77a, 
    0xf77a, 0xf77a, 0xf77a, 0xf77a, 0xf77a, 0xf77a, 0xf77a, 0xf77a, 0xf77a, 0xf77a, 0xf77a, 0xf77a, 
    0xf79a, 0xf75a, 0xef39, 0xef3a, 0xe719, 0xe6d9, 0xef3b, 0xef3b, 0xe6da, 0xef1b, 0xf75c, 0xde99, 
    0xef1b, 0xef3b, 0xe6da, 0xe71b, 0xe71a, 0xef3b, 0xef5c, 0xe71a, 0xef3b, 0xdefa, 0xdeba, 0xf77d, 
    0xe71a, 0xe6fa, 0xe71a, 0xdef9, 0xded8, 0xef5a, 0xef7a, 0xe718, 0xf79a, 0xf79a, 0xf79a, 0xf77a, 
    0xf77a, 0xf77a, 0xf77a, 0xf77a, 0xf77a, 0xf77a, 0xf77a, 0xf77a, 0xf77a, 0xf77a, 0xf77a, 0xf77a, 
    0xf77a, 0xf77a, 0xf77a, 0xf77a, 0xf77a, 0xf77a, 0xf77a, 0xf77a, 0xf77a, 0xf77a, 0xf77a, 0xf77a, 
    0xf77a, 0xf77a, 0xf77a, 0xf77a, 0xf77a, 0xf77a, 0xf77a, 0xf77a, 0xf77a, 0xf77a, 0xf77a, 0xf77a, 
    0xf77a, 0xf77a, 0xf77a, 0xf77a, 0xf77a, 0xf77a, 0xf77a, 0xf77a, 
    0xf77a, 0xf77a, 0xf77a, 0xf77a, 0xf77a, 0xf77a, 0xf77a, 0xf77a, 0xf77a, 0xf77a, 0xf77a, 0xf77a, 
    0xf77a, 0xf77a, 0xf77a, 0xf77a, 0xf77a, 0xf77a, 0xf77a, 0xf77a, 0xf77a, 0xf77a, 0xf77a, 0xf77a, 
    0xf77a, 0xf77a, 0xf77a, 0xf77a, 0xf77a, 0xf77a, 0xf77a, 0xf77a, 0xf77a, 0xf77a, 0xf77a, 0xf77a, 
    0xf77a, 0xf77a, 0xf77a, 0xf77a, 0xf77a, 0xf77a, 0xf77a, 0xf77a, 0xf77a, 0xf77a, 0xf77a, 0xf77a, 
    0xf79a, 0xff9a, 0xff9a, 0xef3a, 0xe6d8, 0xeef9, 0xef1a, 0xe6d9, 0xef3b, 0xdeb9, 0xe6ba, 0xef1b, 
    0xef1b, 0xe6da, 0xe6da, 0xeefa, 0xef1a, 0xef1a, 0xde99, 0xef3b, 0xde99, 0xef3b, 0xff9d, 0xd678, 
    0xef1a, 0xef1a, 0xe6f9, 0xe6f9, 0xef39, 0xef39, 0xf77a, 0xffdb, 0xf79a, 0xf79a, 0xf79a, 0xf77a, 
    0xf77a, 0xf77a, 0xf77a, 0xf77a, 0xf77a, 0xf77a, 0xf77a, 0xf77a, 0xf77a, 0xf77a, 0xf77a, 0xf77a, 
    0xf77a, 0xf77a, 0xf77a, 0xf77a, 0xf77a, 0xf77a, 0xf77a, 0xf77a, 0xf77a, 0xf77a, 0xf77a, 0xf77a, 
    0xf77a, 0xf77a, 0xf77a, 0xf77a, 0xf77a, 0xf77a, 0xf77a, 0xf77a, 0xf77a, 0xf77a, 0xf77a, 0xf77a, 
    0xf77a, 0xf77a, 0xf77a, 0xf77a, 0xf77a, 0xf77a, 0xf77a, 0xf77a, 
    0xf77a, 0xf77a, 0xf77a, 0xf77a, 0xf77a, 0xf77a, 0xf77a, 0xf77a, 0xf77a, 0xf77a, 0xf77a, 0xf77a, 
    0xf77a, 0xf77a, 0xf77a, 0xf77a, 0xf77a, 0xf77a, 0xf77a, 0xf77a, 0xf77a, 0xf77a, 0xf77a, 0xf77a, 
    0xf77a, 0xf77a, 0xf77a, 0xf77a, 0xf77a, 0xf77a, 0xf77a, 0xf77a, 0xf77a, 0xf77a, 0xf77a, 0xf77a, 
    0xf77a, 0xf77a, 0xf77a, 0xf77a, 0xf77a, 0xf77a, 0xf77a, 0xf77a, 0xf77a, 0xf77a, 0xf77a, 0xf77a, 
    0xf79a, 0xf77a, 0xf77a, 0xf77a, 0xef3a, 0xef19, 0xe6f9, 0xe6d9, 0xe6fa, 0xeefa, 0xeefa, 0xeefa, 
    0xeefa, 0xeefa, 0xeefa, 0xeefa, 0xeefa, 0xeefa, 0xeefa, 0xeefa, 0xeefa, 0xeefa, 0xeefa, 0xeef9, 
    0xeef9, 0xeef9, 0xeef9, 0xef19, 0xef39, 0xf759, 0xff7a, 0xff9a, 0xf77a, 0xf77a, 0xf77a, 0xf77a, 
    0xf77a, 0xf77a, 0xf77a, 0xf77a, 0xf77a, 0xf77a, 0xf77a, 0xf77a, 0xf77a, 0xf77a, 0xf77a, 0xf77a, 
    0xf77a, 0xf77a, 0xf77a, 0xf77a, 0xf77a, 0xf77a, 0xf77a, 0xf77a, 0xf77a, 0xf77a, 0xf77a, 0xf77a, 
    0xf77a, 0xf77a, 0xf77a, 0xf77a, 0xf77a, 0xf77a, 0xf77a, 0xf77a, 0xf77a, 0xf77a, 0xf77a, 0xf77a, 
    0xf77a, 0xf77a, 0xf77a, 0xf77a, 0xf77a, 0xf77a, 0xf77a, 0xf77a, 
    0xf77a, 0xf77a, 0xf77a, 0xf77a, 0xf77a, 0xf77a, 0xf77a, 0xf77a, 0xf77a, 0xf77a, 0xf77a, 0xf77a, 
    0xf77a, 0xf77a, 0xf77a, 0xf77a, 0xf77a, 0xf77a, 0xf77a, 0xf77a, 0xf77a, 0xf77a, 0xf77a, 0xf77a, 
    0xf77a, 0xf77a, 0xf77a, 0xf77a, 0xf77a, 0xf77a, 0xf77a, 0xf77a, 0xf77a, 0xf77a, 0xf77a, 0xf77a, 
    0xf77a, 0xf77a, 0xf77a, 0xf77a, 0xf77a, 0xf77a, 0xf77a, 0xf77a, 0xf77a, 0xf77a, 0xf77a, 0xf77a, 
    0xf77a, 0xf77a, 0xf77a, 0xf77a, 0xf759, 0xef39, 0xef19, 0xeef9, 0xeef9, 0xeef9, 0xeefa, 0xeefa, 
    0xeefa, 0xef1a, 0xef1a, 0xef1a, 0xf6fa, 0xf6fa, 0xf6fa, 0xf6fa, 0xf6fa, 0xf6fa, 0xf6fa, 0xf6fa, 
    0xeed9, 0xeef9, 0xf6f9, 0xf739, 0xf739, 0xff5a, 0xff5a, 0xff7a, 0xf77a, 0xf77a, 0xf77a, 0xf77a, 
    0xf77a, 0xf77a, 0xf77a, 0xf77a, 0xf77a, 0xf77a, 0xf77a, 0xf77a, 0xf77a, 0xf77a, 0xf77a, 0xf77a, 
    0xf77a, 0xf77a, 0xf77a, 0xf77a, 0xf77a, 0xf77a, 0xf77a, 0xf77a, 0xf77a, 0xf77a, 0xf77a, 0xf77a, 
    0xf77a, 0xf77a, 0xf77a, 0xf77a, 0xf77a, 0xf77a, 0xf77a, 0xf77a, 0xf77a, 0xf77a, 0xf77a, 0xf77a, 
    0xf77a, 0xf77a, 0xf77a, 0xf77a, 0xf77a, 0xf77a, 0xf77a, 0xf77a, 
    0xf77a, 0xf77a, 0xf77a, 0xf77a, 0xf77a, 0xf77a, 0xf77a, 0xf77a, 0xf77a, 0xf77a, 0xf77a, 0xf77a, 
    0xf77a, 0xf77a, 0xf77a, 0xf77a, 0xf77a, 0xf77a, 0xf77a, 0xf77a, 0xf77a, 0xf77a, 0xf77a, 0xf77a, 
    0xf77a, 0xf77a, 0xf77a, 0xf77a, 0xf77a, 0xf77a, 0xf77a, 0xf77a, 0xf77a, 0xf77a, 0xf77a, 0xf77a, 
    0xf77a, 0xf77a, 0xf77a, 0xf77a, 0xf77a, 0xf77a, 0xf77a, 0xf77a, 0xf77a, 0xf77a, 0xf77a, 0xf77a, 
    0xf77a, 0xf77a, 0xf77a, 0xf77a, 0xf75a, 0xf75a, 0xf739, 0xef3a, 0xeef9, 0xeef9, 0xeef9, 0xeef9, 
    0xeef9, 0xeef9, 0xeef9, 0xeef9, 0xeef9, 0xeef9, 0xeef9, 0xeef9, 0xeef9, 0xeef9, 0xeef9, 0xeef9, 
    0xeef9, 0xf719, 0xf739, 0xff5a, 0xff7a, 0xff7a, 0xff5a, 0xff5a, 0xf77a, 0xf77a, 0xf77a, 0xf77a, 
    0xf77a, 0xf77a, 0xf77a, 0xf77a, 0xf77a, 0xf77a, 0xf77a, 0xf77a, 0xf77a, 0xf77a, 0xf77a, 0xf77a, 
    0xf77a, 0xf77a, 0xf77a, 0xf77a, 0xf77a, 0xf77a, 0xf77a, 0xf77a, 0xf77a, 0xf77a, 0xf77a, 0xf77a, 
    0xf77a, 0xf77a, 0xf77a, 0xf77a, 0xf77a, 0xf77a, 0xf77a, 0xf77a, 0xf77a, 0xf77a, 0xf77a, 0xf77a, 
    0xf77a, 0xf77a, 0xf77a, 0xf77a, 0xf77a, 0xf77a, 0xf77a, 0xf77a, 
    0xf77a, 0xf77a, 0xf77a, 0xf77a, 0xf77a, 0xf77a, 0xf77a, 0xf77a, 0xf77a, 0xf77a, 0xf77a, 0xf77a, 
    0xf77a, 0xf77a, 0xf77a, 0xf77a, 0xf77a, 0xf77a, 0xf77a, 0xf77a, 0xf77a, 0xf77a, 0xf77a, 0xf77a, 
    0xf77a, 0xf77a, 0xf77a, 0xf77a, 0xf77a, 0xf77a, 0xf77a, 0xf77a, 0xf77a, 0xf77a, 0xf77a, 0xf77a, 
    0xf77a, 0xf77a, 0xf77a, 0xf77a, 0xf77a, 0xf77a, 0xf77a, 0xf77a, 0xf77a, 0xf77a, 0xf77a, 0xf77a, 
    0xf77a, 0xf77a, 0xf79a, 0xf79a, 0xf77a, 0xf77a, 0xf75a, 0xf75a, 0xf73a, 0xf73a, 0xf71a, 0xef19, 
    0xeef9, 0xeef9, 0xeef9, 0xeef9, 0xeef9, 0xeef9, 0xeef9, 0xeef9, 0xeef9, 0xf6f9, 0xf6f9, 0xf6f9, 
    0xf739, 0xf739, 0xff5a, 0xff7a, 0xff7a, 0xff7a, 0xff7a, 0xff5a, 0xf77a, 0xf77a, 0xf77a, 0xf77a, 
    0xf77a, 0xf77a, 0xf77a, 0xf77a, 0xf77a, 0xf77a, 0xf77a, 0xf77a, 0xf77a, 0xf77a, 0xf77a, 0xf77a, 
    0xf77a, 0xf77a, 0xf77a, 0xf77a, 0xf77a, 0xf77a, 0xf77a, 0xf77a, 0xf77a, 0xf77a, 0xf77a, 0xf77a, 
    0xf77a, 0xf77a, 0xf77a, 0xf77a, 0xf77a, 0xf77a, 0xf77a, 0xf77a, 0xf77a, 0xf77a, 0xf77a, 0xf79a, 
    0xf77a, 0xf77a, 0xf77a, 0xf77a, 0xf77a, 0xf77a, 0xf77a, 0xf77a, 
    0xf77a, 0xf77a, 0xf77a, 0xf77a, 0xf77a, 0xf77a, 0xf77a, 0xf77a, 0xf77a, 0xf77a, 0xf77a, 0xf77a, 
    0xf77a, 0xf77a, 0xf77a, 0xf77a, 0xf77a, 0xf77a, 0xf77a, 0xf77a, 0xf77a, 0xf77a, 0xf77a, 0xf77a,
     0xf77a, 0xf77a, 0xf77a, 0xf77a, 0xf77a, 0xf77a, 0xf77a, 0xf77a, 0xf77a, 0xf77a, 0xf77a, 0xf77a, 
     0xf77a, 0xf77a, 0xf77a, 0xf77a, 0xf77a, 0xf77a, 0xf77a, 0xf77a, 0xf77a, 0xf77a, 0xf77a, 0xf77a, 
     0xf77a, 0xf77a, 0xf79a, 0xf79a, 0xf79a, 0xf79a, 0xf79a, 0xff7b, 0xff7b, 0xff7b, 0xff7a, 0xf75a, 
     0xf75a, 0xf75a, 0xf73a, 0xf73a, 0xf73a, 0xf73a, 0xf73a, 0xf75a, 0xf75a, 0xf75a, 0xf75a, 0xf75a, 
     0xf75a, 0xff7a, 0xff7a, 0xff7a, 0xff7a, 0xff7a, 0xff7a, 0xff7a, 0xf77a, 0xf77a, 0xf77a, 0xf77a, 
     0xf77a, 0xf77a, 0xf77a, 0xf77a, 0xf77a, 0xf77a, 0xf77a, 0xf77a, 0xf77a, 0xf77a, 0xf77a, 0xf77a, 
     0xf77a, 0xf77a, 0xf77a, 0xf77a, 0xf77a, 0xf77a, 0xf77a, 0xf77a, 0xf77a, 0xf77a, 0xf77a, 0xf77a, 
     0xf77a, 0xf77a, 0xf77a, 0xf77a, 0xf77a, 0xf77a, 0xf77a, 0xf77a, 0xf77a, 0xf77a, 0xf77a, 0xf79a, 
     0xf77a, 0xf77a, 0xf77a, 0xf77a, 0xf77a, 0xf77a, 0xf77a, 0xf77a, 
    0xf77a, 0xf77a, 0xf77a, 0xf77a, 0xf77a, 0xf77a, 0xf77a, 0xf77a, 0xf77a, 0xf77a, 0xf77a, 0xf77a, 
    0xf77a, 0xf77a, 0xf77a, 0xf77a, 0xf77a, 0xf77a, 0xf77a, 0xf77a, 0xf77a, 0xf77a, 0xf77a, 0xf77a, 
    0xf77a, 0xf77a, 0xf77a, 0xf77a, 0xf77a, 0xf77a, 0xf77a, 0xf77a, 0xf77a, 0xf77a, 0xf77a, 0xf77a, 
    0xf77a, 0xf77a, 0xf77a, 0xf77a, 0xf77a, 0xf77a, 0xf77a, 0xf77a, 0xf77a, 0xf77a, 0xf77a, 0xf77a, 
    0xf77b, 0xf77b, 0xf77a, 0xf77a, 0xf77b, 0xf77b, 0xff9a, 0xff9a, 0xff7a, 0xff7a, 0xff7a, 0xff7a, 
    0xff7a, 0xff7a, 0xff7a, 0xff7a, 0xf77a, 0xf77a, 0xf77a, 0xf77a, 0xf79a, 0xf79a, 0xff9a, 0xff9a, 
    0xf79a, 0xf79a, 0xf77a, 0xf77a, 0xf77a, 0xf77a, 0xf79a, 0xff9a, 0xf77a, 0xf77a, 0xf77a, 0xf77a, 
    0xf77a, 0xf77a, 0xf77a, 0xf77a, 0xf77a, 0xf77a, 0xf77a, 0xf77a, 0xf77a, 0xf77a, 0xf77a, 0xf77a, 
    0xf77a, 0xf77a, 0xf77a, 0xf77a, 0xf77a, 0xf77a, 0xf77a, 0xf77a, 0xf77a, 0xf77a, 0xf77a, 0xf77a, 
    0xf77a, 0xf77a, 0xf77a, 0xf77a, 0xff9a, 0xf79a, 0xf77a, 0xf77a, 0xf77a, 0xf77a, 0xf77a, 0xf77a, 
    0xf77a, 0xf77a, 0xf77a, 0xf77a, 0xf77a, 0xf77a, 0xf77a, 0xf77a, 
    0xf77a, 0xf77a, 0xf77a, 0xf77a, 0xf77a, 0xf77a, 0xf77a, 0xf77a, 0xf77a, 0xf77a, 0xf77a, 0xf77a, 
    0xf77a, 0xf77a, 0xf77a, 0xf77a, 0xf77a, 0xf77a, 0xf77a, 0xf77a, 0xf77a, 0xf77a, 0xf77a, 0xf77a, 
    0xf77a, 0xf77a, 0xf77a, 0xf77a, 0xf77a, 0xf77a, 0xf77a, 0xf77a, 0xf77a, 0xf77a, 0xf77a, 0xf77a, 
    0xf77a, 0xf77a, 0xf77a, 0xf77a, 0xf77a, 0xf77a, 0xf77a, 0xf77a, 0xf77a, 0xf77a, 0xf77a, 0xf77a, 
    0xf77b, 0xf77b, 0xf77b, 0xf77b, 0xf77a, 0xf77a, 0xf79a, 0xf79a, 0xf75a, 0xf75a, 0xf77a, 0xf75a, 
    0xff7a, 0xff7a, 0xff7a, 0xff7a, 0xf79a, 0xf79a, 0xf79a, 0xf79a, 0xf79a, 0xf79a, 0xf79a, 0xf79a, 
    0xf79a, 0xf79a, 0xf79a, 0xf79a, 0xf79a, 0xf79a, 0xf79a, 0xf79a, 0xf77a, 0xf77a, 0xf77a, 0xf77a, 
    0xf77a, 0xf77a, 0xf77a, 0xf77a, 0xf77a, 0xf77a, 0xf77a, 0xf77a, 0xf77a, 0xf77a, 0xf77a, 0xf77a, 
    0xf77a, 0xf77a, 0xf77a, 0xf77a, 0xf77a, 0xf77a, 0xf77a, 0xf77a, 0xf77a, 0xf77a, 0xf77a, 0xf77a, 
    0xf77a, 0xf77a, 0xf77a, 0xf77a, 0xff9b, 0xff9a, 0xf79a, 0xf77a, 0xf77a, 0xf77a, 0xf77a, 0xf77a, 
    0xf77a, 0xf77a, 0xf77a, 0xf77a, 0xf77a, 0xf77a, 0xf77a, 0xf77a, 
    0xf77a, 0xf77a, 0xf77a, 0xf77a, 0xf77a, 0xf77a, 0xf77a, 0xf77a, 0xf77a, 0xf77a, 0xf77a, 0xf77a, 
    0xf77a, 0xf77a, 0xf77a, 0xf77a, 0xf77a, 0xf77a, 0xf77a, 0xf77a, 0xf77a, 0xf77a, 0xf77a, 0xf77a, 
    0xf77a, 0xf77a, 0xf77a, 0xf77a, 0xf77a, 0xf77a, 0xf77a, 0xf77a, 0xf77a, 0xf77a, 0xf77a, 0xf77a, 
    0xf77a, 0xf77a, 0xf77a, 0xf77a, 0xf77a, 0xf77a, 0xf77a, 0xf77a, 0xf77a, 0xf77a, 0xf77a, 0xf77a, 
    0xf77b, 0xf77b, 0xf77b, 0xf77b, 0xf77b, 0xf77a, 0xf77a, 0xf77a, 0xff7a, 0xff7a, 0xff7a, 0xff7a, 
    0xff7a, 0xff7a, 0xff7a, 0xff7a, 0xf79a, 0xf79a, 0xf79a, 0xf79a, 0xf79a, 0xf79a, 0xf79a, 0xf79a, 
    0xf79a, 0xf79a, 0xf79a, 0xf79a, 0xf79a, 0xf79a, 0xf77a, 0xf77a, 0xf77a, 0xf77a, 0xf77a, 0xf77a, 
    0xf77a, 0xf77a, 0xf77a, 0xf77a, 0xf77a, 0xf77a, 0xf77a, 0xf77a, 0xf77a, 0xf77a, 0xf77a, 0xf77a, 
    0xf77a, 0xf77a, 0xf77a, 0xf77a, 0xf77a, 0xf77a, 0xf77a, 0xf77a, 0xf77a, 0xf77a, 0xf77a, 0xf77a, 
    0xf77a, 0xf77a, 0xf77a, 0xf77a, 0xff9b, 0xff9b, 0xff9a, 0xf77a, 0xf77a, 0xf77a, 0xf77a, 0xf77a, 
    0xf77a, 0xf77a, 0xf77a, 0xf77a, 0xf77a, 0xf77a, 0xf77a, 0xf77a, 
    0xf77a, 0xf77a, 0xf77a, 0xf77a, 0xf77a, 0xf77a, 0xf77a, 0xf77a, 0xf77a, 0xf77a, 0xf77a, 0xf77a, 
    0xf77a, 0xf77a, 0xf77a, 0xf77a, 0xf77a, 0xf77a, 0xf77a, 0xf77a, 0xf77a, 0xf77a, 0xf77a, 0xf77a, 
    0xf77a, 0xf77a, 0xf77a, 0xf77a, 0xf77a, 0xf77a, 0xf77a, 0xf77a, 0xf77a, 0xf77a, 0xf77a, 0xf77a, 
    0xf77a, 0xf77a, 0xf77a, 0xf77a, 0xf77a, 0xf77a, 0xf77a, 0xf77a, 0xf77a, 0xf77a, 0xf77a, 0xf77a, 
    0xf77a, 0xf77a, 0xf77a, 0xf77a, 0xf77a, 0xf77a, 0xf77a, 0xf77a, 0xf77a, 0xf77a, 0xf77a, 0xf77a, 
    0xf77a, 0xf77a, 0xf77a, 0xf77a, 0xf77a, 0xf77a, 0xf77a, 0xf77a, 0xf77a, 0xf77a, 0xf77a, 0xf77a, 
    0xf77a, 0xf77a, 0xf77a, 0xf77a, 0xf77a, 0xf77a, 0xf77a, 0xf77a, 0xf77a, 0xf77a, 0xf77a, 0xf77a, 
    0xf77a, 0xf77a, 0xf77a, 0xf77a, 0xf77a, 0xf77a, 0xf77a, 0xf77a, 0xf77a, 0xf77a, 0xf77a, 0xf77a, 
    0xf77a, 0xf77a, 0xf77a, 0xf77a, 0xf77a, 0xf77a, 0xf77a, 0xf77a, 0xf77a, 0xf77a, 0xf77a, 0xf77a, 
    0xf77a, 0xf77a, 0xf77a, 0xf77a, 0xffbb, 0xff9b, 0xff9b, 0xf79a, 0xf77a, 0xf77a, 0xf77a, 0xf77a, 
    0xf77a, 0xf77a, 0xf77a, 0xf77a, 0xf77a, 0xf77a, 0xf77a, 0xf77a, 
    0xf77a, 0xf77a, 0xf77a, 0xf77a, 0xf77a, 0xf77a, 0xf77a, 0xf77a, 0xf77a, 0xf77a, 0xf77a, 0xf77a, 
    0xf77a, 0xf77a, 0xf77a, 0xf77a, 0xf77a, 0xf77a, 0xf77a, 0xf77a, 0xf77a, 0xf77a, 0xf77a, 0xf77a, 
    0xf77a, 0xf77a, 0xf77a, 0xf77a, 0xf77a, 0xf77a, 0xf77a, 0xf77a, 0xf77a, 0xf77a, 0xf77a, 0xf77a, 
    0xf77a, 0xf77a, 0xf77a, 0xf77a, 0xf77a, 0xf77a, 0xf77a, 0xf77a, 0xf77a, 0xf77a, 0xf77a, 0xf77a, 
    0xf77a, 0xf77a, 0xf77a, 0xf77a, 0xf77a, 0xf77a, 0xf77a, 0xf77a, 0xf77a, 0xf77a, 0xf77a, 0xf77a, 
    0xf77a, 0xf77a, 0xf77a, 0xf77a, 0xf77a, 0xf77a, 0xf77a, 0xf77a, 0xf77a, 0xf77a, 0xf77a, 0xf77a, 
    0xf77a, 0xf77a, 0xf77a, 0xf77a, 0xf77a, 0xf77a, 0xf77a, 0xf77a, 0xf77a, 0xf77a, 0xf77a, 0xf77a, 
    0xf77a, 0xf77a, 0xf77a, 0xf77a, 0xf77a, 0xf77a, 0xf77a, 0xf77a, 0xf77a, 0xf77a, 0xf77a, 0xf77a, 
    0xf77a, 0xf77a, 0xf77a, 0xf77a, 0xf77a, 0xf77a, 0xf77a, 0xf77a, 0xf77a, 0xf77a, 0xf77a, 0xf77a, 
    0xf77a, 0xf77a, 0xf77a, 0xf77a, 0xff9b, 0xff9b, 0xff9a, 0xf77a, 0xf77a, 0xf77a, 0xf77a, 0xf77a, 
    0xf77a, 0xf77a, 0xf77a, 0xf77a, 0xf77a, 0xf77a, 0xf77a, 0xf77a, 
    0xf77a, 0xf77a, 0xf77a, 0xf77a, 0xf77a, 0xf77a, 0xf77a, 0xf77a, 0xf77a, 0xf77a, 0xf77a, 0xf77a, 
    0xf77a, 0xf77a, 0xf77a, 0xf77a, 0xf77a, 0xf77a, 0xf77a, 0xf77a, 0xf77a, 0xf77a, 0xf77a, 0xf77a, 
    0xf77a, 0xf77a, 0xf77a, 0xf77a, 0xf77a, 0xf77a, 0xf77a, 0xf77a, 0xf77a, 0xf77a, 0xf77a, 0xf77a, 
    0xf77a, 0xf77a, 0xf77a, 0xf77a, 0xf77a, 0xf77a, 0xf77a, 0xf77a, 0xf77a, 0xf77a, 0xf77a, 0xf77a, 
    0xf77a, 0xf77a, 0xf77a, 0xf77a, 0xf77a, 0xf77a, 0xf77a, 0xf77a, 0xf77a, 0xf77a, 0xf77a, 0xf77a, 
    0xf77a, 0xf77a, 0xf77a, 0xf77a, 0xf77a, 0xf77a, 0xf77a, 0xf77a, 0xf77a, 0xf77a, 0xf77a, 0xf77a, 
    0xf77a, 0xf77a, 0xf77a, 0xf77a, 0xf77a, 0xf77a, 0xf77a, 0xf77a, 0xf77a, 0xf77a, 0xf77a, 0xf77a, 
    0xf77a, 0xf77a, 0xf77a, 0xf77a, 0xf77a, 0xf77a, 0xf77a, 0xf77a, 0xf77a, 0xf77a, 0xf77a, 0xf77a, 
    0xf77a, 0xf77a, 0xf77a, 0xf77a, 0xf77a, 0xf77a, 0xf77a, 0xf77a, 0xf77a, 0xf77a, 0xf77a, 0xf77a, 
    0xf77a, 0xf77a, 0xf77a, 0xf77a, 0xf79a, 0xf79a, 0xf77a, 0xf77a, 0xf77a, 0xf77a, 0xf77a, 0xf77a, 
    0xf77a, 0xf77a, 0xf77a, 0xf77a, 0xf77a, 0xf77a, 0xf77a, 0xf77a, 
    0xf77a, 0xf77a, 0xf77a, 0xf77a, 0xf77a, 0xf77a, 0xf77a, 0xf77a, 0xf77a, 0xf77a, 0xf77a, 0xf77a, 
    0xf77a, 0xf77a, 0xf77a, 0xf77a, 0xf77a, 0xf77a, 0xf77a, 0xf77a, 0xf77a, 0xf77a, 0xf77a, 0xf77a, 
    0xf77a, 0xf77a, 0xf77a, 0xf77a, 0xf77a, 0xf77a, 0xf77a, 0xf77a, 0xf77a, 0xf77a, 0xf77a, 0xf77a, 
    0xf77a, 0xf77a, 0xf77a, 0xf77a, 0xf77a, 0xf77a, 0xf77a, 0xf77a, 0xf77a, 0xf77a, 0xf77a, 0xf77a, 
    0xf77a, 0xf77a, 0xf77a, 0xf77a, 0xf77a, 0xf77a, 0xf77a, 0xf77a, 0xf77a, 0xf77a, 0xf77a, 0xf77a, 
    0xf77a, 0xf77a, 0xf77a, 0xf77a, 0xf77a, 0xf77a, 0xf77a, 0xf77a, 0xf77a, 0xf77a, 0xf77a, 0xf77a, 
    0xf77a, 0xf77a, 0xf77a, 0xf77a, 0xf77a, 0xf77a, 0xf77a, 0xf77a, 0xf77a, 0xf77a, 0xf77a, 0xf77a, 
    0xf77a, 0xf77a, 0xf77a, 0xf77a, 0xf77a, 0xf77a, 0xf77a, 0xf77a, 0xf77a, 0xf77a, 0xf77a, 0xf77a, 
    0xf77a, 0xf77a, 0xf77a, 0xf77a, 0xf77a, 0xf77a, 0xf77a, 0xf77a, 0xf77a, 0xf77a, 0xf77a, 0xf77a, 
    0xf77a, 0xf77a, 0xf77a, 0xf77a, 0xf77a, 0xf77a, 0xf77a, 0xf77a, 0xf77a, 0xf77a, 0xf77a, 0xf77a, 
    0xf77a, 0xf77a, 0xf77a, 0xf77a, 0xf77a, 0xf77a, 0xf77a, 0xf77a, 
    0xf77a, 0xf77a, 0xf77a, 0xf77a, 0xf77a, 0xf77a, 0xf77a, 0xf77a, 0xf77a, 0xf77a, 0xf77a, 0xf77a, 
    0xf77a, 0xf77a, 0xf77a, 0xf77a, 0xf77a, 0xf77a, 0xf77a, 0xf77a, 0xf77a, 0xf77a, 0xf77a, 0xf77a, 
    0xf77a, 0xf77a, 0xf77a, 0xf77a, 0xf77a, 0xf77a, 0xf77a, 0xf77a, 0xf77a, 0xf77a, 0xf77a, 0xf77a, 
    0xf77a, 0xf77a, 0xf77a, 0xf77a, 0xf77a, 0xf77a, 0xf77a, 0xf77a, 0xf77a, 0xf77a, 0xf77a, 0xf77a, 
    0xf77a, 0xf77a, 0xf77a, 0xf77a, 0xf77a, 0xf77a, 0xf77a, 0xf77a, 0xf77a, 0xf77a, 0xf77a, 0xf77a, 
    0xf77a, 0xf77a, 0xf77a, 0xf77a, 0xf77a, 0xf77a, 0xf77a, 0xf77a, 0xf77a, 0xf77a, 0xf77a, 0xf77a, 
    0xf77a, 0xf77a, 0xf77a, 0xf77a, 0xf77a, 0xf77a, 0xf77a, 0xf77a, 0xf77a, 0xf77a, 0xf77a, 0xf77a, 
    0xf77a, 0xf77a, 0xf77a, 0xf77a, 0xf77a, 0xf77a, 0xf77a, 0xf77a, 0xf77a, 0xf77a, 0xf77a, 0xf77a, 
    0xf77a, 0xf77a, 0xf77a, 0xf77a, 0xf77a, 0xf77a, 0xf77a, 0xf77a, 0xf77a, 0xf77a, 0xf77a, 0xf77a, 
    0xf77a, 0xf77a, 0xf77a, 0xf77a, 0xf77a, 0xf77a, 0xf77a, 0xf77a, 0xf77a, 0xf77a, 0xf77a, 0xf77a, 
    0xf77a, 0xf77a, 0xf77a, 0xf77a, 0xf77a, 0xf77a, 0xf77a, 0xf77a, 
    0xf77a, 0xf77a, 0xf77a, 0xf77a, 0xf77a, 0xf77a, 0xf77a, 0xf77a, 0xf77a, 0xf77a, 0xf77a, 0xf77a, 
    0xf77a, 0xf77a, 0xf77a, 0xf77a, 0xf77a, 0xf77a, 0xf77a, 0xf77a, 0xf77a, 0xf77a, 0xf77a, 0xf77a, 
    0xf77a, 0xf77a, 0xf77a, 0xf77a, 0xf77a, 0xf77a, 0xf77a, 0xf77a, 0xf77a, 0xf77a, 0xf77a, 0xf77a, 
    0xf77a, 0xf77a, 0xf77a, 0xf77a, 0xf77a, 0xf77a, 0xf77a, 0xf77a, 0xf77a, 0xf77a, 0xf77a, 0xf77a, 
    0xf77a, 0xf77a, 0xf77a, 0xf77a, 0xf77a, 0xf77a, 0xf77a, 0xf77a, 0xf77a, 0xf77a, 0xf77a, 0xf77a, 
    0xf77a, 0xf77a, 0xf77a, 0xf77a, 0xf77a, 0xf77a, 0xf77a, 0xf77a, 0xf77a, 0xf77a, 0xf77a, 0xf77a, 
    0xf77a, 0xf77a, 0xf77a, 0xf77a, 0xf77a, 0xf77a, 0xf77a, 0xf77a, 0xf77a, 0xf77a, 0xf77a, 0xf77a, 
    0xf77a, 0xf77a, 0xf77a, 0xf77a, 0xf77a, 0xf77a, 0xf77a, 0xf77a, 0xf77a, 0xf77a, 0xf77a, 0xf77a, 
    0xf77a, 0xf77a, 0xf77a, 0xf77a, 0xf77a, 0xf77a, 0xf77a, 0xf77a, 0xf77a, 0xf77a, 0xf77a, 0xf77a, 
    0xf77a, 0xf77a, 0xf77a, 0xf77a, 0xf77a, 0xf77a, 0xf77a, 0xf77a, 0xf77a, 0xf77a, 0xf77a, 0xf77a, 
    0xf77a, 0xf77a, 0xf77a, 0xf77a, 0xf77a, 0xf77a, 0xf77a, 0xf77a, 
    0xf77a, 0xf77a, 0xf77a, 0xf77a, 0xf77a, 0xf77a, 0xf77a, 0xf77a, 0xf77a, 0xf77a, 0xf77a, 0xf77a, 
    0xf77a, 0xf77a, 0xf77a, 0xf77a, 0xf77a, 0xf77a, 0xf77a, 0xf77a, 0xf77a, 0xf77a, 0xf77a, 0xf77a, 
    0xf77a, 0xf77a, 0xf77a, 0xf77a, 0xf77a, 0xf77a, 0xf77a, 0xf77a, 0xf77a, 0xf77a, 0xf77a, 0xf77a, 
    0xf77a, 0xf77a, 0xf77a, 0xf77a, 0xf77a, 0xf77a, 0xf77a, 0xf77a, 0xf77a, 0xf77a, 0xf77a, 0xf77a, 
    0xf77a, 0xf77a, 0xf77a, 0xf77a, 0xf77a, 0xf77a, 0xf77a, 0xf77a, 0xf77a, 0xf77a, 0xf77a, 0xf77a, 
    0xf77a, 0xf77a, 0xf77a, 0xf77a, 0xf77a, 0xf77a, 0xf77a, 0xf77a, 0xf77a, 0xf77a, 0xf77a, 0xf77a, 
    0xf77a, 0xf77a, 0xf77a, 0xf77a, 0xf77a, 0xf77a, 0xf77a, 0xf77a, 0xf77a, 0xf77a, 0xf77a, 0xf77a, 
    0xf77a, 0xf77a, 0xf77a, 0xf77a, 0xf77a, 0xf77a, 0xf77a, 0xf77a, 0xf77a, 0xf77a, 0xf77a, 0xf77a, 
    0xf77a, 0xf77a, 0xf77a, 0xf77a, 0xf77a, 0xf77a, 0xf77a, 0xf77a, 0xf77a, 0xf77a, 0xf77a, 0xf77a, 
    0xf77a, 0xf77a, 0xf77a, 0xf77a, 0xf77a, 0xf77a, 0xf77a, 0xf77a, 0xf77a, 0xf77a, 0xf77a, 0xf77a, 
    0xf77a, 0xf77a, 0xf77a, 0xf77a, 0xf77a, 0xf77a, 0xf77a, 0xf77a, 
    0xf77a, 0xf77a, 0xf77a, 0xf77a, 0xf77a, 0xf77a, 0xf77a, 0xf77a, 0xf77a, 0xf77a, 0xf77a, 0xf77a, 
    0xf77a, 0xf77a, 0xf77a, 0xf77a, 0xf77a, 0xf77a, 0xf77a, 0xf77a, 0xf77a, 0xf77a, 0xf77a, 0xf77a, 
    0xf77a, 0xf77a, 0xf77a, 0xf77a, 0xf77a, 0xf77a, 0xf77a, 0xf77a, 0xf77a, 0xf77a, 0xf77a, 0xf77a, 
    0xf77a, 0xf77a, 0xf77a, 0xf77a, 0xf77a, 0xf77a, 0xf77a, 0xf77a, 0xf77a, 0xf77a, 0xf77a, 0xf77a, 
    0xf77a, 0xf77a, 0xf77a, 0xf77a, 0xf77a, 0xf77a, 0xf77a, 0xf77a, 0xf77a, 0xf77a, 0xf77a, 0xf77a, 
    0xf77a, 0xf77a, 0xf77a, 0xf77a, 0xf77a, 0xf77a, 0xf77a, 0xf77a, 0xf77a, 0xf77a, 0xf77a, 0xf77a, 
    0xf77a, 0xf77a, 0xf77a, 0xf77a, 0xf77a, 0xf77a, 0xf77a, 0xf77a, 0xf77a, 0xf77a, 0xf77a, 0xf77a, 
    0xf77a, 0xf77a, 0xf77a, 0xf77a, 0xf77a, 0xf77a, 0xf77a, 0xf77a, 0xf77a, 0xf77a, 0xf77a, 0xf77a, 
    0xf77a, 0xf77a, 0xf77a, 0xf77a, 0xf77a, 0xf77a, 0xf77a, 0xf77a, 0xf77a, 0xf77a, 0xf77a, 0xf77a, 
    0xf77a, 0xf77a, 0xf77a, 0xf77a, 0xf79a, 0xf77a, 0xf77a, 0xf77a, 0xf77a, 0xf77a, 0xf77a, 0xf77a, 
    0xf77a, 0xf77a, 0xf77a, 0xf77a, 0xf77a, 0xf77a, 0xf77a, 0xf77a, 
    0xf77a, 0xf77a, 0xf77a, 0xf77a, 0xf77a, 0xf77a, 0xf77a, 0xf77a, 0xf77a, 0xf77a, 0xf77a, 0xf77a, 
    0xf77a, 0xf77a, 0xf77a, 0xf77a, 0xf77a, 0xf77a, 0xf77a, 0xf77a, 0xf77a, 0xf77a, 0xf77a, 0xf77a, 
    0xf77a, 0xf77a, 0xf77a, 0xf77a, 0xf77a, 0xf77a, 0xf77a, 0xf77a, 0xf77a, 0xf77a, 0xf77a, 0xf77a, 
    0xf77a, 0xf77a, 0xf77a, 0xf77a, 0xf77a, 0xf77a, 0xf77a, 0xf77a, 0xf77a, 0xf77a, 0xf77a, 0xf77a, 
    0xf77a, 0xf77a, 0xf77a, 0xf77a, 0xf77a, 0xf77a, 0xf77a, 0xf77a, 0xf77a, 0xf77a, 0xf77a, 0xf77a, 
    0xf77a, 0xf77a, 0xf77a, 0xf77a, 0xf77a, 0xf77a, 0xf77a, 0xf77a, 0xf77a, 0xf77a, 0xf77a, 0xf77a, 
    0xf77a, 0xf77a, 0xf77a, 0xf77a, 0xf77a, 0xf77a, 0xf77a, 0xf77a, 0xf77a, 0xf77a, 0xf77a, 0xf77a, 
    0xf77a, 0xf77a, 0xf77a, 0xf77a, 0xf77a, 0xf77a, 0xf77a, 0xf77a, 0xf77a, 0xf77a, 0xf77a, 0xf77a, 
    0xf77a, 0xf77a, 0xf77a, 0xf77a, 0xf77a, 0xf77a, 0xf77a, 0xf77a, 0xf77a, 0xf77a, 0xf77a, 0xf77a, 
    0xf77a, 0xf77a, 0xf77a, 0xf77a, 0xf77a, 0xf77a, 0xf77a, 0xf77a, 0xf77a, 0xf77a, 0xf77a, 0xf77a, 
    0xf77a, 0xf77a, 0xf77a, 0xf77a, 0xf77a, 0xf77a, 0xf77a, 0xf77a, 
    0xf77a, 0xf77a, 0xf77a, 0xf77a, 0xf77a, 0xf77a, 0xf77a, 0xf77a, 0xf77a, 0xf77a, 0xf77a, 0xf77a, 
    0xf77a, 0xf77a, 0xf77a, 0xf77a, 0xf77a, 0xf77a, 0xf77a, 0xf77a, 0xf77a, 0xf77a, 0xf77a, 0xf77a, 
    0xf77a, 0xf77a, 0xf77a, 0xf77a, 0xf77a, 0xf77a, 0xf77a, 0xf77a, 0xf77a, 0xf77a, 0xf77a, 0xf77a, 
    0xf77a, 0xf77a, 0xf77a, 0xf77a, 0xf77a, 0xf77a, 0xf77a, 0xf77a, 0xf77a, 0xf77a, 0xf77a, 0xf77a, 
    0xf77a, 0xf77a, 0xf77a, 0xf77a, 0xf77a, 0xf77a, 0xf77a, 0xf77a, 0xf77a, 0xf77a, 0xf77a, 0xf77a, 
    0xf77a, 0xf77a, 0xf77a, 0xf77a, 0xf77a, 0xf77a, 0xf77a, 0xf77a, 0xf77a, 0xf77a, 0xf77a, 0xf77a, 
    0xf77a, 0xf77a, 0xf77a, 0xf77a, 0xf77a, 0xf77a, 0xf77a, 0xf77a, 0xf77a, 0xf77a, 0xf77a, 0xf77a, 
    0xf77a, 0xf77a, 0xf77a, 0xf77a, 0xf77a, 0xf77a, 0xf77a, 0xf77a, 0xf77a, 0xf77a, 0xf77a, 0xf77a, 
    0xf77a, 0xf77a, 0xf77a, 0xf77a, 0xf77a, 0xf77a, 0xf77a, 0xf77a, 0xf77a, 0xf77a, 0xf77a, 0xf77a, 
    0xf77a, 0xf77a, 0xf77a, 0xf77a, 0xf77a, 0xf77a, 0xf77a, 0xf77a, 0xf77a, 0xf77a, 0xf77a, 0xf77a, 
    0xf77a, 0xf77a, 0xf77a, 0xf77a, 0xf77a, 0xf77a, 0xf77a, 0xf77a, 
    0xf77a, 0xf77a, 0xf77a, 0xf77a, 0xf77a, 0xf77a, 0xf77a, 0xf77a, 0xf77a, 0xf77a, 0xf77a, 0xf77a, 
    0xf77a, 0xf77a, 0xf77a, 0xf77a, 0xf77a, 0xf77a, 0xf77a, 0xf77a, 0xf77a, 0xf77a, 0xf77a, 0xf77a, 
    0xf77a, 0xf77a, 0xf77a, 0xf77a, 0xf77a, 0xf77a, 0xf77a, 0xf77a, 0xf77a, 0xf77a, 0xf77a, 0xf77a, 
    0xf77a, 0xf77a, 0xf77a, 0xf77a, 0xf77a, 0xf77a, 0xf77a, 0xf77a, 0xf77a, 0xf77a, 0xf77a, 0xf77a, 
    0xf77a, 0xf77a, 0xf77a, 0xf77a, 0xf77a, 0xf77a, 0xf77a, 0xf77a, 0xf77a, 0xf77a, 0xf77a, 0xf77a, 
    0xf77a, 0xf77a, 0xf77a, 0xf77a, 0xf77a, 0xf77a, 0xf77a, 0xf77a, 0xf77a, 0xf77a, 0xf77a, 0xf77a, 
    0xf77a, 0xf77a, 0xf77a, 0xf77a, 0xf77a, 0xf77a, 0xf77a, 0xf77a, 0xf77a, 0xf77a, 0xf77a, 0xf77a, 
    0xf77a, 0xf77a, 0xf77a, 0xf77a, 0xf77a, 0xf77a, 0xf77a, 0xf77a, 0xf77a, 0xf77a, 0xf77a, 0xf77a, 
    0xf77a, 0xf77a, 0xf77a, 0xf77a, 0xf77a, 0xf77a, 0xf77a, 0xf77a, 0xf77a, 0xf77a, 0xf77a, 0xf77a, 
    0xf77a, 0xf77a, 0xf77a, 0xf77a, 0xf77a, 0xf77a, 0xf77a, 0xf77a, 0xf77a, 0xf77a, 0xf77a, 0xf77a, 
    0xf77a, 0xf77a, 0xf77a, 0xf77a, 0xf77a, 0xf77a, 0xf77a, 0xf77a, 
    0xf77a, 0xf77a, 0xf77a, 0xf77a, 0xf77a, 0xf77a, 0xf77a, 0xf77a, 0xf77a, 0xf77a, 0xf77a, 0xf77a, 
    0xf77a, 0xf77a, 0xf77a, 0xf77a, 0xf77a, 0xf77a, 0xf77a, 0xf77a, 0xf77a, 0xf77a, 0xf77a, 0xf77a, 
    0xf77a, 0xf77a, 0xf77a, 0xf77a, 0xf77a, 0xf77a, 0xf77a, 0xf77a, 0xf77a, 0xf77a, 0xf77a, 0xf77a, 
    0xf77a, 0xf77a, 0xf77a, 0xf77a, 0xf77a, 0xf77a, 0xf77a, 0xf77a, 0xf77a, 0xf77a, 0xf77a, 0xf77a, 
    0xf77a, 0xf77a, 0xf77a, 0xf77a, 0xf77a, 0xf77a, 0xf77a, 0xf77a, 0xf77a, 0xf77a, 0xf77a, 0xf77a, 
    0xf77a, 0xf77a, 0xf77a, 0xf77a, 0xf77a, 0xf77a, 0xf77a, 0xf77a, 0xf77a, 0xf77a, 0xf77a, 0xf77a, 
    0xf77a, 0xf77a, 0xf77a, 0xf77a, 0xf77a, 0xf77a, 0xf77a, 0xf77a, 0xf77a, 0xf77a, 0xf77a, 0xf77a, 
    0xf77a, 0xf77a, 0xf77a, 0xf77a, 0xf77a, 0xf77a, 0xf77a, 0xf77a, 0xf77a, 0xf77a, 0xf77a, 0xf77a, 
    0xf77a, 0xf77a, 0xf77a, 0xf77a, 0xf77a, 0xf77a, 0xf77a, 0xf77a, 0xf77a, 0xf77a, 0xf77a, 0xf77a, 
    0xf77a, 0xf77a, 0xf77a, 0xf77a, 0xf77a, 0xf77a, 0xf77a, 0xf77a, 0xf77a, 0xf77a, 0xf77a, 0xf77a, 
    0xf77a, 0xf77a, 0xf77a, 0xf77a, 0xf77a, 0xf77a, 0xf77a, 0xf77a, 
    0xf77a, 0xf77a, 0xf77a, 0xf77a, 0xf77a, 0xf77a, 0xf77a, 0xf77a, 0xf77a, 0xf77a, 0xf77a, 0xf77a, 
    0xf77a, 0xf77a, 0xf77a, 0xf77a, 0xf77a, 0xf77a, 0xf77a, 0xf77a, 0xf77a, 0xf77a, 0xf77a, 0xf77a, 
    0xf77a, 0xf77a, 0xf77a, 0xf77a, 0xf77a, 0xf77a, 0xf77a, 0xf77a, 0xf77a, 0xf77a, 0xf77a, 0xf77a, 
    0xf77a, 0xf77a, 0xf77a, 0xf77a, 0xf77a, 0xf77a, 0xf77a, 0xf77a, 0xf77a, 0xf77a, 0xf77a, 0xf77a, 
    0xf77a, 0xf77a, 0xf77a, 0xf77a, 0xf77a, 0xf77a, 0xf77a, 0xf77a, 0xf77a, 0xf77a, 0xf77a, 0xf77a, 
    0xf77a, 0xf77a, 0xf77a, 0xf77a, 0xf77a, 0xf77a, 0xf77a, 0xf77a, 0xf77a, 0xf77a, 0xf77a, 0xf77a, 
    0xf77a, 0xf77a, 0xf77a, 0xf77a, 0xf77a, 0xf77a, 0xf77a, 0xf77a, 0xf77a, 0xf77a, 0xf77a, 0xf77a, 
    0xf77a, 0xf77a, 0xf77a, 0xf77a, 0xf77a, 0xf77a, 0xf77a, 0xf77a, 0xf77a, 0xf77a, 0xf77a, 0xf77a, 
    0xf77a, 0xf77a, 0xf77a, 0xf77a, 0xf77a, 0xf77a, 0xf77a, 0xf77a, 0xf77a, 0xf77a, 0xf77a, 0xf77a, 
    0xf77a, 0xf77a, 0xf77a, 0xf77a, 0xf77a, 0xf77a, 0xf77a, 0xf77a, 0xf77a, 0xf77a, 0xf77a, 0xf77a, 
    0xf77a, 0xf77a, 0xf77a, 0xf77a, 0xf77a, 0xf77a, 0xf77a, 0xf77a, 
    0xf77a, 0xf77a, 0xf77a, 0xf77a, 0xf77a, 0xf77a, 0xf77a, 0xf77a, 0xf77a, 0xf77a, 0xf77a, 0xf77a, 
    0xf77a, 0xf77a, 0xf77a, 0xf77a, 0xf77a, 0xf77a, 0xf77a, 0xf77a, 0xf77a, 0xf77a, 0xf77a, 0xf77a, 
    0xf77a, 0xf77a, 0xf77a, 0xf77a, 0xf77a, 0xf77a, 0xf77a, 0xf77a, 0xf77a, 0xf77a, 0xf77a, 0xf77a, 
    0xf77a, 0xf77a, 0xf77a, 0xf77a, 0xf77a, 0xf77a, 0xf77a, 0xf77a, 0xf77a, 0xf77a, 0xf77a, 0xf77a, 
    0xf77a, 0xf77a, 0xf77a, 0xf77a, 0xf77a, 0xf77a, 0xf77a, 0xf77a, 0xf77a, 0xf77a, 0xf77a, 0xf77a, 
    0xf77a, 0xf77a, 0xf77a, 0xf77a, 0xf77a, 0xf77a, 0xf77a, 0xf77a, 0xf77a, 0xf77a, 0xf77a, 0xf77a, 
    0xf77a, 0xf77a, 0xf77a, 0xf77a, 0xf77a, 0xf77a, 0xf77a, 0xf77a, 0xf77a, 0xf77a, 0xf77a, 0xf77a, 
    0xf77a, 0xf77a, 0xf77a, 0xf77a, 0xf77a, 0xf77a, 0xf77a, 0xf77a, 0xf77a, 0xf77a, 0xf77a, 0xf77a, 
    0xf77a, 0xf77a, 0xf77a, 0xf77a, 0xf77a, 0xf77a, 0xf77a, 0xf77a, 0xf77a, 0xf77a, 0xf77a, 0xf77a, 
    0xf77a, 0xf77a, 0xf77a, 0xf77a, 0xf77a, 0xf77a, 0xf77a, 0xf77a, 0xf77a, 0xf77a, 0xf77a, 0xf77a, 
    0xf77a, 0xf77a, 0xf77a, 0xf77a, 0xf77a, 0xf77a, 0xf77a, 0xf77a, 
    0xf77a, 0xf77a, 0xf77a, 0xf77a, 0xf77a, 0xf77a, 0xf77a, 0xf77a, 0xf77a, 0xf77a, 0xf77a, 0xf77a, 
    0xf77a, 0xf77a, 0xf77a, 0xf77a, 0xf77a, 0xf77a, 0xf77a, 0xf77a, 0xf77a, 0xf77a, 0xf77a, 0xf77a, 
    0xf77a, 0xf77a, 0xf77a, 0xf77a, 0xf77a, 0xf77a, 0xf77a, 0xf77a, 0xf77a, 0xf77a, 0xf77a, 0xf77a, 
    0xf77a, 0xf77a, 0xf77a, 0xf77a, 0xf77a, 0xf77a, 0xf77a, 0xf77a, 0xf77a, 0xf77a, 0xf77a, 0xf77a, 
    0xf77a, 0xf77a, 0xf77a, 0xf77a, 0xf77a, 0xf77a, 0xf77a, 0xf77a, 0xf77a, 0xf77a, 0xf77a, 0xf77a, 
    0xf77a, 0xf77a, 0xf77a, 0xf77a, 0xf77a, 0xf77a, 0xf77a, 0xf77a, 0xf77a, 0xf77a, 0xf77a, 0xf77a, 
    0xf77a, 0xf77a, 0xf77a, 0xf77a, 0xf77a, 0xf77a, 0xf77a, 0xf77a, 0xf77a, 0xf77a, 0xf77a, 0xf77a, 
    0xf77a, 0xf77a, 0xf77a, 0xf77a, 0xf77a, 0xf77a, 0xf77a, 0xf77a, 0xf77a, 0xf77a, 0xf77a, 0xf77a, 
    0xf77a, 0xf77a, 0xf77a, 0xf77a, 0xf77a, 0xf77a, 0xf77a, 0xf77a, 0xf77a, 0xf77a, 0xf77a, 0xf77a, 
    0xf77a, 0xf77a, 0xf77a, 0xf77a, 0xf77a, 0xf77a, 0xf77a, 0xf77a, 0xf77a, 0xf77a, 0xf77a, 0xf77a, 
    0xf77a, 0xf77a, 0xf77a, 0xf77a, 0xf77a, 0xf77a, 0xf77a, 0xf77a
};
//const tImage fiddle_leaf_fig = { image_data_fiddle_leaf_fig, 128, 127};

